pos_general,pos_categoria,atleta_1,atleta_2,nombres_pareja,grupo_edad,tiempo_total,tiempo_segundos,tiempo_minutos,evento,año,modalidad,running_1,1000m_skierg,running_2,50m_sled_push,running_3,50m_sled_pull,running_4,80m_burpee_broad_jump,running_5,1000m_row,running_6,200m_farmers_carry,running_7,100m_sandbag_lunges,running_8,wall_balls,roxzone_time,run_total,best_run_lap
1,1,Jose Agustin Alises Gimenez,Luis Garcia Rubio,"Jose Agustin Alises Gimenez, Luis Garcia Rubio",25-29,00:50:14,3014,50.23,Bilbao,2026,Doubles Men,00:03:23,00:03:39,00:03:11,00:01:44,00:03:15,00:02:40,00:03:23,00:01:42,00:03:25,00:03:53,00:03:20,00:01:16,00:03:23,00:02:09,00:03:25,00:03:19,00:03:15,00:26:42,00:03:11
2,2,Leonardo Alonso Mora,Sergio López Izquierdo,"Leonardo Alonso Mora, Sergio López Izquierdo",25-29,00:51:46,3106,51.77,Bilbao,2026,Doubles Men,00:03:38,00:03:35,00:03:25,00:01:36,00:03:31,00:02:29,00:03:29,00:01:56,00:03:29,00:03:47,00:03:34,00:01:22,00:03:30,00:02:29,00:03:32,00:03:22,00:03:09,00:28:04,00:03:25
3,3,Bernardo Branco,Ricardo Fonseca,"Bernardo Branco, Ricardo Fonseca",25-29,00:53:08,3188,53.13,Bilbao,2026,Doubles Men,00:03:36,00:03:37,00:03:26,00:01:52,00:03:37,00:02:28,00:03:35,00:02:08,00:03:35,00:03:55,00:03:37,00:01:16,00:03:35,00:02:22,00:03:40,00:03:19,00:03:40,00:28:37,00:03:26
4,4,Raul Sevillano,Pedro Jose Olmedo,"Raul Sevillano, Pedro Jose Olmedo",25-29,00:54:02,3242,54.03,Bilbao,2026,Doubles Men,00:03:46,00:03:53,00:03:30,00:01:45,00:03:41,00:02:49,00:03:37,00:01:57,00:03:36,00:04:12,00:03:38,00:01:25,00:03:27,00:02:26,00:03:33,00:03:27,00:03:31,00:28:43,00:03:27
5,1,Bradley Johnson,Tom Cansfield,"Bradley Johnson, Tom Cansfield",35-39,00:54:11,3251,54.18,Bilbao,2026,Doubles Men,00:03:41,00:03:37,00:03:33,00:01:48,00:03:36,00:02:38,00:03:38,00:02:15,00:03:42,00:03:48,00:03:39,00:01:16,00:03:44,00:02:35,00:03:45,00:03:37,00:03:27,00:29:14,00:03:33
6,1,Théo Dos Santos,Enzo Dos Santos,"Théo Dos Santos, Enzo Dos Santos",16-24,00:54:34,3274,54.57,Bilbao,2026,Doubles Men,00:03:56,00:03:51,00:03:39,00:01:42,00:03:39,00:02:29,00:03:41,00:02:09,00:03:41,00:03:59,00:03:48,00:01:24,00:03:39,00:02:17,00:03:44,00:03:34,00:03:30,00:29:43,00:03:39
7,1,Jorge Casao Orna,Carlos Sanjuan Ballesteros,"Jorge Casao Orna, Carlos Sanjuan Ballesteros",30-34,00:54:40,3280,54.67,Bilbao,2026,Doubles Men,00:03:45,00:03:47,00:03:28,00:01:45,00:03:36,00:02:45,00:03:33,00:02:07,00:03:33,00:04:11,00:03:31,00:01:19,00:03:35,00:02:56,00:03:36,00:03:31,00:03:51,00:28:33,00:03:28
8,2,Miguel Extremera Vacas,David Peña Anguita,"Miguel Extremera Vacas, David Peña Anguita",35-39,00:54:48,3288,54.8,Bilbao,2026,Doubles Men,00:03:40,00:03:42,00:03:39,00:01:37,00:03:41,00:02:26,00:03:46,00:02:10,00:03:51,00:04:11,00:03:36,00:01:19,00:03:41,00:02:45,00:03:46,00:03:31,00:03:35,00:29:36,00:03:36
9,2,Javier Zorrilla Calleja,Michael Fummo,"Javier Zorrilla Calleja, Michael Fummo",30-34,00:54:57,3297,54.95,Bilbao,2026,Doubles Men,00:03:43,00:03:47,00:03:29,00:01:49,00:03:42,00:03:02,00:03:47,00:01:57,00:03:40,00:04:01,00:03:43,00:01:22,00:03:46,00:02:30,00:03:44,00:03:22,00:03:41,00:29:31,00:03:29
10,5,Tomas Morris,Declan Smith,"Tomas Morris, Declan Smith",25-29,00:55:04,3304,55.07,Bilbao,2026,Doubles Men,00:03:54,00:03:44,00:03:32,00:01:31,00:03:39,00:02:33,00:03:49,00:02:12,00:03:59,00:04:08,00:03:42,00:01:09,00:03:55,00:02:26,00:03:49,00:03:22,00:03:49,00:30:15,00:03:32
11,6,Sven Wierda,Dave Agterhof,"Sven Wierda, Dave Agterhof",25-29,00:55:07,3307,55.12,Bilbao,2026,Doubles Men,00:03:46,00:03:41,00:03:29,00:01:46,00:03:50,00:02:36,00:03:43,00:02:09,00:03:47,00:04:02,00:03:40,00:01:09,00:03:45,00:02:48,00:03:53,00:03:34,00:03:38,00:29:49,00:03:29
12,1,Helder Baptista,Carlos Custódio,"Helder Baptista, Carlos Custódio",40-44,00:55:12,3312,55.2,Bilbao,2026,Doubles Men,00:03:50,00:03:37,00:03:34,00:01:48,00:03:43,00:02:38,00:03:44,00:02:06,00:03:44,00:03:56,00:03:44,00:01:16,00:03:49,00:02:45,00:03:47,00:03:33,00:03:45,00:29:51,00:03:34
13,7,Valentin Galiegue,William Galiegue,"Valentin Galiegue, William Galiegue",25-29,00:55:17,3317,55.28,Bilbao,2026,Doubles Men,00:03:31,00:04:05,00:03:11,00:01:51,00:03:26,00:02:43,00:03:25,00:02:06,00:03:35,00:04:09,00:03:37,00:01:22,00:03:37,00:02:42,00:03:43,00:03:59,00:04:22,00:28:02,00:03:11
14,3,Joseba Etxaniz,Jon Iglesias,"Joseba Etxaniz, Jon Iglesias",30-34,00:55:20,3320,55.33,Bilbao,2026,Doubles Men,00:03:47,00:03:44,00:03:39,00:01:46,00:03:46,00:02:44,00:03:49,00:02:11,00:03:49,00:03:55,00:03:45,00:01:27,00:03:47,00:02:40,00:03:47,00:03:09,00:03:44,00:30:06,00:03:39
15,8,Jules Cremoux,Pierrick Deganello,"Jules Cremoux, Pierrick Deganello",25-29,00:55:27,3327,55.45,Bilbao,2026,Doubles Men,00:03:42,00:03:46,00:03:31,00:01:48,00:04:15,00:02:43,00:03:45,00:01:55,00:03:49,00:03:55,00:03:45,00:01:20,00:03:49,00:02:22,00:03:57,00:03:20,00:03:51,00:30:30,00:03:31
16,2,Kyle Delavari,Noel Bolger,"Kyle Delavari, Noel Bolger",40-44,00:55:38,3338,55.63,Bilbao,2026,Doubles Men,00:03:58,00:03:50,00:03:37,00:01:46,00:03:44,00:02:47,00:03:42,00:02:09,00:03:43,00:04:04,00:03:41,00:01:12,00:03:47,00:02:38,00:03:46,00:03:50,00:03:33,00:29:54,00:03:37
17,9,Aitor Barroso,Erlaitz Cano,"Aitor Barroso, Erlaitz Cano",25-29,00:55:39,3339,55.65,Bilbao,2026,Doubles Men,00:03:54,00:03:41,00:03:40,00:01:44,00:03:45,00:02:44,00:03:43,00:02:19,00:03:46,00:04:03,00:03:43,00:01:16,00:03:51,00:02:40,00:03:49,00:03:28,00:03:41,00:30:08,00:03:40
18,4,Czubernat Thomas,Daniel De Almeida,"Czubernat Thomas, Daniel De Almeida",30-34,00:55:49,3349,55.82,Bilbao,2026,Doubles Men,00:03:54,00:03:56,00:03:33,00:01:24,00:03:38,00:02:33,00:03:40,00:02:33,00:03:43,00:04:07,00:03:37,00:01:12,00:03:43,00:02:49,00:03:52,00:03:49,00:03:53,00:29:37,00:03:33
19,5,Andrés Fernández Barreiro,Jorge Fandiño Mella,"Andrés Fernández Barreiro, Jorge Fandiño Mella",30-34,00:55:54,3354,55.9,Bilbao,2026,Doubles Men,00:03:52,00:03:38,00:03:53,00:01:37,00:03:54,00:02:16,00:03:57,00:02:14,00:03:54,00:03:48,00:03:55,00:01:20,00:03:52,00:02:49,00:03:50,00:03:24,00:03:49,00:31:03,00:03:50
20,10,Michal Grabowski,Dario Montes Khaghani,"Michal Grabowski, Dario Montes Khaghani",25-29,00:55:54,3354,55.9,Bilbao,2026,Doubles Men,00:03:51,00:03:31,00:03:33,00:01:37,00:03:59,00:02:46,00:03:54,00:02:42,00:03:47,00:03:48,00:03:45,00:01:11,00:03:49,00:02:37,00:03:40,00:03:55,00:03:36,00:30:16,00:03:33
21,11,Asier Urrestarazu,Igor Arruti,"Asier Urrestarazu, Igor Arruti",25-29,00:55:55,3355,55.92,Bilbao,2026,Doubles Men,00:03:41,00:03:51,00:03:30,00:01:52,00:04:12,00:02:31,00:04:04,00:02:00,00:03:57,00:03:53,00:03:49,00:01:19,00:03:52,00:02:33,00:03:57,00:03:26,00:03:35,00:30:59,00:03:30
22,3,Javier Martín Del Molino,Eric Teruel,"Javier Martín Del Molino, Eric Teruel",40-44,00:55:57,3357,55.95,Bilbao,2026,Doubles Men,00:03:43,00:03:40,00:03:30,00:02:04,00:03:37,00:02:31,00:03:45,00:02:38,00:03:43,00:03:53,00:03:41,00:01:16,00:03:43,00:02:57,00:03:44,00:03:38,00:04:03,00:29:22,00:03:30
23,12,Jules Penez,Pierre Steenkiste,"Jules Penez, Pierre Steenkiste",25-29,00:56:02,3362,56.03,Bilbao,2026,Doubles Men,00:03:53,00:03:52,00:03:29,00:01:37,00:03:30,00:02:57,00:03:31,00:02:21,00:03:38,00:04:09,00:03:39,00:01:16,00:03:39,00:02:40,00:03:45,00:04:04,00:04:12,00:29:00,00:03:29
24,3,Luis Aton,Mariano Ontañon,"Luis Aton, Mariano Ontañon",35-39,00:56:02,3362,56.03,Bilbao,2026,Doubles Men,00:04:03,00:03:51,00:03:35,00:01:54,00:03:35,00:03:08,00:03:31,00:02:16,00:03:33,00:04:12,00:03:31,00:01:21,00:03:38,00:02:47,00:03:42,00:04:04,00:03:31,00:29:03,00:03:31
25,6,Bernardo Girão,Pedro Paiva,"Bernardo Girão, Pedro Paiva",30-34,00:56:06,3366,56.1,Bilbao,2026,Doubles Men,00:03:39,00:03:45,00:03:30,00:02:00,00:03:47,00:03:02,00:03:43,00:02:26,00:03:48,00:04:04,00:03:45,00:01:21,00:03:47,00:02:31,00:03:53,00:03:23,00:03:51,00:29:47,00:03:30
26,13,Paul Elorza,Iñigo Soraluze,"Paul Elorza, Iñigo Soraluze",25-29,00:56:19,3379,56.32,Bilbao,2026,Doubles Men,00:04:11,00:03:48,00:03:54,00:01:29,00:03:55,00:02:39,00:03:53,00:02:00,00:03:51,00:03:56,00:03:49,00:01:19,00:03:53,00:02:26,00:03:51,00:03:34,00:03:58,00:31:15,00:03:49
27,4,Benoît Perruche,Julien Galiegue,"Benoît Perruche, Julien Galiegue",40-44,00:56:25,3385,56.42,Bilbao,2026,Doubles Men,00:03:27,00:03:52,00:03:18,00:01:59,00:03:40,00:03:09,00:03:36,00:02:47,00:03:45,00:04:12,00:03:36,00:01:20,00:03:34,00:03:09,00:03:39,00:03:30,00:03:58,00:28:33,00:03:18
28,14,Mikel Baz,Eleder Soto,"Mikel Baz, Eleder Soto",25-29,00:56:31,3391,56.52,Bilbao,2026,Doubles Men,00:03:46,00:03:53,00:03:39,00:01:45,00:03:39,00:02:59,00:03:41,00:02:35,00:03:47,00:04:12,00:03:36,00:01:11,00:03:38,00:03:03,00:03:44,00:03:41,00:03:48,00:29:27,00:03:36
29,15,Jon Iriondo,Andrés Solano,"Jon Iriondo, Andrés Solano",25-29,00:56:32,3392,56.53,Bilbao,2026,Doubles Men,00:04:00,00:03:39,00:03:48,00:01:25,00:04:04,00:02:35,00:04:00,00:02:06,00:04:02,00:03:57,00:03:59,00:01:01,00:04:13,00:02:17,00:04:00,00:03:26,00:04:08,00:32:02,00:03:48
30,7,Raúl Morales Febles,Attmeixim Díaz Febles,"Raúl Morales Febles, Attmeixim Díaz Febles",30-34,00:56:38,3398,56.63,Bilbao,2026,Doubles Men,00:04:20,00:03:42,00:03:43,00:01:54,00:03:46,00:03:07,00:03:46,00:02:22,00:03:47,00:03:54,00:03:49,00:01:05,00:03:56,00:02:26,00:03:53,00:03:34,00:03:42,00:30:56,00:03:43
31,8,Joaquin Visquert Pitarch,Alvaro Sevilla Navarro,"Joaquin Visquert Pitarch, Alvaro Sevilla Navarro",30-34,00:56:45,3405,56.75,Bilbao,2026,Doubles Men,00:04:01,00:03:55,00:03:31,00:01:44,00:03:44,00:02:37,00:03:47,00:01:56,00:03:55,00:04:06,00:03:52,00:01:16,00:03:48,00:02:29,00:04:00,00:04:11,00:04:02,00:30:33,00:03:31
32,16,Beñat Erostarbe,Jon Tena,"Beñat Erostarbe, Jon Tena",25-29,00:56:52,3412,56.87,Bilbao,2026,Doubles Men,00:03:47,00:03:59,00:03:42,00:01:39,00:03:55,00:02:40,00:04:04,00:02:03,00:03:58,00:04:10,00:03:52,00:01:19,00:03:49,00:02:46,00:03:56,00:03:32,00:03:50,00:30:59,00:03:42
33,4,Manuel Alcaide González,Miguel Ángel Delgado Martín,"Manuel Alcaide González, Miguel Ángel Delgado Martín",35-39,00:57:03,3423,57.05,Bilbao,2026,Doubles Men,00:03:39,00:03:55,00:03:35,00:01:48,00:03:48,00:02:51,00:03:39,00:02:23,00:03:55,00:04:07,00:03:51,00:01:16,00:03:48,00:02:52,00:03:55,00:03:41,00:04:08,00:30:05,00:03:35
34,5,Imanol Elorrieta,Ignacio Basañez,"Imanol Elorrieta, Ignacio Basañez",35-39,00:57:06,3426,57.1,Bilbao,2026,Doubles Men,00:04:09,00:03:56,00:03:41,00:01:51,00:03:45,00:02:56,00:03:43,00:02:20,00:03:51,00:04:13,00:03:38,00:01:16,00:03:45,00:02:56,00:03:50,00:03:38,00:03:47,00:30:19,00:03:38
35,9,Oliver Bromfield,Angus Knights,"Oliver Bromfield, Angus Knights",30-34,00:57:12,3432,57.2,Bilbao,2026,Doubles Men,00:04:06,00:03:37,00:03:51,00:01:27,00:03:58,00:02:45,00:03:58,00:02:10,00:04:04,00:03:48,00:04:02,00:01:16,00:03:56,00:02:34,00:03:57,00:03:42,00:04:09,00:31:49,00:03:51
36,6,Rodriguez David,Emeric Tougeron,"Rodriguez David, Emeric Tougeron",35-39,00:57:13,3433,57.22,Bilbao,2026,Doubles Men,00:03:57,00:03:37,00:03:31,00:01:37,00:03:44,00:02:55,00:03:51,00:02:20,00:03:48,00:04:10,00:03:48,00:01:12,00:03:53,00:02:48,00:03:55,00:03:46,00:04:31,00:30:22,00:03:31
37,7,Leonidas Rosa Hormigo,Carlos Jimenez Rubio,"Leonidas Rosa Hormigo, Carlos Jimenez Rubio",35-39,00:57:14,3434,57.23,Bilbao,2026,Doubles Men,00:03:51,00:03:57,00:03:35,00:01:54,00:03:43,00:02:53,00:03:45,00:02:36,00:03:54,00:04:16,00:03:49,00:01:26,00:03:49,00:02:41,00:03:51,00:03:41,00:03:43,00:30:13,00:03:35
38,2,Rémi Labarthe,Titouan Crouseilles,"Rémi Labarthe, Titouan Crouseilles",16-24,00:57:22,3442,57.37,Bilbao,2026,Doubles Men,00:03:56,00:03:45,00:03:36,00:01:57,00:03:47,00:03:10,00:03:48,00:02:43,00:03:59,00:03:57,00:03:55,00:01:22,00:03:54,00:02:40,00:03:53,00:03:21,00:03:46,00:30:44,00:03:36
39,3,Haritz Blanco,Eneko Garcia,"Haritz Blanco, Eneko Garcia",16-24,00:57:22,3442,57.37,Bilbao,2026,Doubles Men,00:03:56,00:03:57,00:03:47,00:01:43,00:03:57,00:02:49,00:04:00,00:02:03,00:03:55,00:04:08,00:03:56,00:01:17,00:03:55,00:02:23,00:04:05,00:03:48,00:03:52,00:31:27,00:03:47
40,8,Maximilian Schröter,Konstantin Jünger,"Maximilian Schröter, Konstantin Jünger",35-39,00:57:25,3445,57.42,Bilbao,2026,Doubles Men,00:03:55,00:03:49,00:03:45,00:01:34,00:03:48,00:03:10,00:03:51,00:02:02,00:03:48,00:04:14,00:03:48,00:01:25,00:03:51,00:02:27,00:04:03,00:03:41,00:04:23,00:30:46,00:03:45
41,1,Daniel Ruiz López,Luis Pablo Garcia Coronado,"Daniel Ruiz López, Luis Pablo Garcia Coronado",45-49,00:57:30,3450,57.5,Bilbao,2026,Doubles Men,00:03:40,00:03:55,00:03:32,00:01:58,00:03:40,00:03:13,00:03:36,00:02:26,00:03:50,00:04:12,00:03:42,00:01:26,00:03:41,00:03:35,00:03:45,00:03:51,00:03:36,00:29:22,00:03:32
42,9,Roi Barros Corral,David Gómez Fernández,"Roi Barros Corral, David Gómez Fernández",35-39,00:57:32,3452,57.53,Bilbao,2026,Doubles Men,00:03:53,00:03:58,00:03:41,00:01:52,00:03:43,00:02:38,00:03:48,00:02:34,00:03:53,00:04:08,00:03:49,00:01:27,00:03:49,00:02:51,00:03:59,00:03:46,00:03:49,00:30:32,00:03:41
43,10,Maxime Marois,Nicolas Deloubes,"Maxime Marois, Nicolas Deloubes",30-34,00:57:37,3457,57.62,Bilbao,2026,Doubles Men,00:03:53,00:03:49,00:03:41,00:01:38,00:03:56,00:02:51,00:03:51,00:02:18,00:03:59,00:04:06,00:03:56,00:01:19,00:04:01,00:02:29,00:03:58,00:03:22,00:04:39,00:31:11,00:03:41
44,17,Pablo Urra,Carlos Sanz,"Pablo Urra, Carlos Sanz",25-29,00:57:44,3464,57.73,Bilbao,2026,Doubles Men,00:03:52,00:03:42,00:03:48,00:01:43,00:04:01,00:02:23,00:04:09,00:02:16,00:04:08,00:04:03,00:04:08,00:01:11,00:04:08,00:02:40,00:04:02,00:03:33,00:04:04,00:32:13,00:03:48
45,10,Arturo Llames Garcia,Adriá Herrera Juan,"Arturo Llames Garcia, Adriá Herrera Juan",35-39,00:57:44,3464,57.73,Bilbao,2026,Doubles Men,00:04:17,00:03:51,00:03:49,00:01:48,00:03:46,00:02:19,00:03:52,00:02:27,00:03:52,00:04:02,00:03:48,00:01:24,00:03:46,00:03:09,00:03:55,00:03:46,00:04:00,00:31:02,00:03:46
46,5,Eladio Martins  Moura,Joel Martins Moura,"Eladio Martins  Moura, Joel Martins Moura",40-44,00:57:50,3470,57.83,Bilbao,2026,Doubles Men,00:04:09,00:03:39,00:03:51,00:01:43,00:03:48,00:02:42,00:03:58,00:02:16,00:03:59,00:04:05,00:03:56,00:01:13,00:03:56,00:02:46,00:03:53,00:03:58,00:04:05,00:31:27,00:03:48
47,18,Ander Juez Aragon,Ignacio Zurinaga Zuazo,"Ander Juez Aragon, Ignacio Zurinaga Zuazo",25-29,00:57:50,3470,57.83,Bilbao,2026,Doubles Men,00:03:42,00:03:53,00:03:30,00:02:13,00:03:44,00:03:34,00:03:48,00:02:11,00:03:53,00:04:17,00:03:43,00:01:16,00:03:52,00:02:48,00:03:56,00:03:47,00:03:50,00:30:04,00:03:30
48,11,Pablo Garcia,José Ramon Llama,"Pablo Garcia, José Ramon Llama",30-34,00:57:53,3473,57.88,Bilbao,2026,Doubles Men,00:03:48,00:03:51,00:03:37,00:01:57,00:03:45,00:03:00,00:03:50,00:02:33,00:03:51,00:04:24,00:03:41,00:01:22,00:03:45,00:02:58,00:03:56,00:03:42,00:04:02,00:30:10,00:03:37
49,12,Gianfranco Bernardoni,Mirko Credentino,"Gianfranco Bernardoni, Mirko Credentino",30-34,00:57:53,3473,57.88,Bilbao,2026,Doubles Men,00:04:03,00:03:39,00:03:54,00:01:53,00:04:00,00:02:46,00:03:55,00:02:17,00:04:07,00:04:08,00:03:54,00:01:13,00:03:57,00:02:39,00:04:06,00:03:33,00:03:59,00:31:53,00:03:54
50,11,Diego Lago Ramos,Joaquín Sánchez Arias,"Diego Lago Ramos, Joaquín Sánchez Arias",35-39,00:58:02,3482,58.03,Bilbao,2026,Doubles Men,00:03:53,00:03:56,00:03:45,00:01:39,00:03:51,00:02:48,00:03:57,00:02:17,00:03:58,00:04:19,00:03:58,00:01:29,00:03:57,00:02:44,00:04:09,00:03:39,00:03:51,00:31:25,00:03:45
51,13,Pepe Lafuente,Sergio Martin,"Pepe Lafuente, Sergio Martin",30-34,00:58:08,3488,58.13,Bilbao,2026,Doubles Men,00:03:55,00:03:51,00:03:48,00:01:47,00:03:52,00:02:38,00:03:57,00:02:25,00:04:07,00:03:51,00:04:10,00:01:13,00:04:13,00:02:40,00:03:58,00:03:45,00:04:05,00:31:57,00:03:48
52,6,Luís Jesus,Alexandre Dias,"Luís Jesus, Alexandre Dias",40-44,00:58:13,3493,58.22,Bilbao,2026,Doubles Men,00:04:07,00:03:50,00:03:46,00:01:48,00:03:54,00:02:43,00:03:50,00:02:13,00:04:00,00:04:11,00:03:51,00:01:27,00:03:51,00:02:21,00:04:07,00:04:00,00:04:22,00:31:23,00:03:46
53,12,Adrian Morales,Jonathan Castillo,"Adrian Morales, Jonathan Castillo",35-39,00:58:15,3495,58.25,Bilbao,2026,Doubles Men,00:03:32,00:03:57,00:03:33,00:02:02,00:03:43,00:02:59,00:03:44,00:02:48,00:03:49,00:04:12,00:03:48,00:01:33,00:03:47,00:03:22,00:03:53,00:03:35,00:04:06,00:29:47,00:03:33
54,19,Rodrigo De Zatarain,Romain Ouaiss,"Rodrigo De Zatarain, Romain Ouaiss",25-29,00:58:23,3503,58.38,Bilbao,2026,Doubles Men,00:04:06,00:03:51,00:03:53,00:01:31,00:04:04,00:02:43,00:04:00,00:01:55,00:04:03,00:04:13,00:03:54,00:01:15,00:04:04,00:03:11,00:03:57,00:03:32,00:04:21,00:31:56,00:03:53
55,7,Mario Iliev,Kaloyan Iliev,"Mario Iliev, Kaloyan Iliev",40-44,00:58:25,3505,58.42,Bilbao,2026,Doubles Men,00:03:46,00:03:36,00:03:54,00:01:44,00:04:06,00:02:36,00:04:07,00:02:02,00:04:19,00:04:10,00:04:06,00:01:17,00:04:03,00:02:39,00:04:05,00:03:48,00:04:15,00:32:23,00:03:54
56,14,Jaume Juan,Luis Spieser,"Jaume Juan, Luis Spieser",30-34,00:58:25,3505,58.42,Bilbao,2026,Doubles Men,00:04:04,00:03:49,00:03:44,00:01:59,00:03:54,00:03:00,00:03:58,00:02:11,00:04:00,00:04:09,00:03:58,00:01:25,00:03:59,00:02:40,00:04:03,00:03:40,00:03:59,00:31:37,00:03:44
57,15,Edgar Aguiar,Nuno Silva,"Edgar Aguiar, Nuno Silva",30-34,00:58:26,3506,58.43,Bilbao,2026,Doubles Men,00:04:01,00:03:53,00:03:41,00:01:43,00:03:46,00:02:55,00:03:50,00:02:30,00:03:49,00:04:07,00:03:52,00:01:28,00:03:53,00:03:22,00:03:59,00:03:56,00:03:49,00:30:48,00:03:41
58,16,Gonzalo Bueno,Alejandro Bueno,"Gonzalo Bueno, Alejandro Bueno",30-34,00:58:28,3508,58.47,Bilbao,2026,Doubles Men,00:03:48,00:03:59,00:03:41,00:01:44,00:04:03,00:03:00,00:04:00,00:02:31,00:03:53,00:04:18,00:03:44,00:01:18,00:03:59,00:02:59,00:04:00,00:03:45,00:03:54,00:31:05,00:03:41
59,13,Alejandro Torrent,Angel Izpura,"Alejandro Torrent, Angel Izpura",35-39,00:58:29,3509,58.48,Bilbao,2026,Doubles Men,00:04:06,00:03:49,00:03:46,00:01:49,00:03:52,00:02:35,00:03:57,00:02:43,00:03:55,00:04:06,00:03:58,00:01:32,00:03:58,00:02:52,00:03:56,00:03:30,00:04:11,00:31:26,00:03:46
60,17,Sergio Rodriguez Quintana,Pablo Rodriguez Quintana,"Sergio Rodriguez Quintana, Pablo Rodriguez Quintana",30-34,00:58:35,3515,58.58,Bilbao,2026,Doubles Men,00:04:07,00:04:11,00:03:38,00:02:07,00:03:56,00:02:56,00:03:52,00:02:14,00:03:59,00:04:16,00:03:52,00:01:19,00:03:48,00:02:52,00:03:45,00:04:09,00:03:41,00:30:54,00:03:38
61,18,Pedro Cano,Juan Carlos Lendinez,"Pedro Cano, Juan Carlos Lendinez",30-34,00:58:39,3519,58.65,Bilbao,2026,Doubles Men,00:04:19,00:03:54,00:03:43,00:01:57,00:04:06,00:02:49,00:04:14,00:02:06,00:04:01,00:04:09,00:03:54,00:01:29,00:03:51,00:02:37,00:03:51,00:03:38,00:04:13,00:31:54,00:03:43
62,19,Ander Azkue Erauskin,Jon Odriozola Alonso,"Ander Azkue Erauskin, Jon Odriozola Alonso",30-34,00:58:40,3520,58.67,Bilbao,2026,Doubles Men,00:04:00,00:03:49,00:03:45,00:01:36,00:03:59,00:02:47,00:03:57,00:02:47,00:04:03,00:04:10,00:03:59,00:01:17,00:03:58,00:03:01,00:03:59,00:03:40,00:04:04,00:31:35,00:03:45
63,20,Gregory Boch,Adrien Boch,"Gregory Boch, Adrien Boch",30-34,00:58:41,3521,58.68,Bilbao,2026,Doubles Men,00:04:02,00:03:50,00:03:44,00:02:03,00:03:58,00:02:53,00:03:54,00:02:28,00:04:01,00:04:16,00:03:53,00:01:13,00:03:52,00:02:41,00:03:54,00:03:39,00:04:28,00:31:14,00:03:44
64,20,Marçal Orriols,Pol Soler,"Marçal Orriols, Pol Soler",25-29,00:58:44,3524,58.73,Bilbao,2026,Doubles Men,00:04:19,00:03:51,00:03:58,00:01:32,00:04:08,00:02:13,00:04:08,00:02:35,00:04:11,00:04:09,00:03:59,00:01:11,00:04:05,00:02:45,00:03:57,00:03:35,00:04:16,00:32:43,00:03:57
65,14,Jurgi Fernandez,Aritz Ondarra,"Jurgi Fernandez, Aritz Ondarra",35-39,00:58:49,3529,58.82,Bilbao,2026,Doubles Men,00:04:10,00:03:37,00:04:02,00:01:47,00:04:15,00:02:53,00:04:04,00:02:28,00:04:11,00:04:08,00:04:04,00:01:18,00:04:01,00:02:47,00:03:54,00:03:20,00:03:57,00:32:38,00:03:54
66,21,Ander Urrutikoetxea,Marcos Echarri,"Ander Urrutikoetxea, Marcos Echarri",30-34,00:58:50,3530,58.83,Bilbao,2026,Doubles Men,00:03:49,00:03:54,00:03:40,00:01:49,00:03:53,00:03:34,00:03:53,00:02:10,00:03:58,00:04:06,00:03:58,00:01:16,00:04:00,00:03:08,00:04:09,00:03:36,00:04:05,00:31:18,00:03:40
67,21,Isaac Butler,Joseph Cruse,"Isaac Butler, Joseph Cruse",25-29,00:58:52,3532,58.87,Bilbao,2026,Doubles Men,00:04:06,00:03:59,00:03:49,00:01:28,00:03:54,00:02:20,00:03:59,00:02:40,00:04:12,00:04:14,00:04:05,00:01:26,00:03:58,00:03:00,00:04:03,00:03:40,00:04:08,00:32:01,00:03:49
68,22,Iñigo Tres,Alejandro Abad,"Iñigo Tres, Alejandro Abad",25-29,00:58:53,3533,58.88,Bilbao,2026,Doubles Men,00:03:57,00:04:02,00:03:44,00:01:45,00:04:02,00:02:50,00:03:57,00:02:20,00:03:58,00:04:02,00:03:51,00:01:30,00:03:58,00:03:18,00:03:42,00:03:53,00:04:10,00:31:06,00:03:42
69,22,Francisco Cruz,Xavier Tavares,"Francisco Cruz, Xavier Tavares",30-34,00:58:53,3533,58.88,Bilbao,2026,Doubles Men,00:03:37,00:03:51,00:03:49,00:01:48,00:04:13,00:02:45,00:04:06,00:02:10,00:04:19,00:03:48,00:04:24,00:01:08,00:04:25,00:02:36,00:04:15,00:03:42,00:04:06,00:33:03,00:03:49
70,23,Jeremy Labatut,Pierre Lonjou,"Jeremy Labatut, Pierre Lonjou",30-34,00:58:56,3536,58.93,Bilbao,2026,Doubles Men,00:03:51,00:03:40,00:03:44,00:01:39,00:04:00,00:02:31,00:04:05,00:02:34,00:04:02,00:04:03,00:04:11,00:01:22,00:04:07,00:02:48,00:04:17,00:03:49,00:04:21,00:32:13,00:03:44
71,4,David Chorlton Buenechea,Mikel Chorlton Buenechea,"David Chorlton Buenechea, Mikel Chorlton Buenechea",16-24,00:58:58,3538,58.97,Bilbao,2026,Doubles Men,00:04:19,00:03:38,00:04:01,00:01:40,00:04:04,00:02:05,00:04:10,00:02:28,00:04:15,00:04:01,00:04:11,00:01:13,00:04:13,00:02:37,00:04:16,00:03:37,00:04:18,00:33:26,00:04:01
72,15,José Antonio Fonseca Del Santo,Borja Solares Álvarez,"José Antonio Fonseca Del Santo, Borja Solares Álvarez",35-39,00:58:59,3539,58.98,Bilbao,2026,Doubles Men,00:04:07,00:03:54,00:03:57,00:01:39,00:04:03,00:03:04,00:04:05,00:02:13,00:03:57,00:04:19,00:03:58,00:01:13,00:04:01,00:02:44,00:03:51,00:03:38,00:04:24,00:31:55,00:03:51
73,5,Matteo Wachter,Jeremy Wachter,"Matteo Wachter, Jeremy Wachter",16-24,00:59:01,3541,59.02,Bilbao,2026,Doubles Men,00:03:52,00:03:40,00:03:46,00:01:57,00:04:10,00:02:56,00:04:05,00:02:34,00:04:10,00:03:52,00:04:11,00:01:19,00:04:14,00:02:46,00:04:03,00:03:38,00:03:56,00:32:28,00:03:46
74,24,Christophe Carrau,Julien Urrutia,"Christophe Carrau, Julien Urrutia",30-34,00:59:02,3542,59.03,Bilbao,2026,Doubles Men,00:03:47,00:03:45,00:03:39,00:01:45,00:04:01,00:02:42,00:04:16,00:02:37,00:04:19,00:04:15,00:04:06,00:01:14,00:04:09,00:02:45,00:04:09,00:03:35,00:04:06,00:32:22,00:03:39
75,16,Imanol De Leon,Iker Martínez,"Imanol De Leon, Iker Martínez",35-39,00:59:09,3549,59.15,Bilbao,2026,Doubles Men,00:04:04,00:03:52,00:03:44,00:01:40,00:04:08,00:02:51,00:03:58,00:02:51,00:04:07,00:04:12,00:03:52,00:01:23,00:03:48,00:02:56,00:03:49,00:04:02,00:03:59,00:31:27,00:03:44
76,17,Santiago Mosquera,Ruben Rodríguez,"Santiago Mosquera, Ruben Rodríguez",35-39,00:59:09,3549,59.15,Bilbao,2026,Doubles Men,00:04:01,00:03:50,00:03:49,00:01:51,00:04:11,00:03:05,00:04:03,00:02:27,00:04:07,00:04:20,00:04:06,00:01:28,00:04:03,00:02:42,00:03:51,00:03:23,00:04:02,00:32:07,00:03:49
77,8,Pierre-Henri Chuet,Thibault Sarremejean,"Pierre-Henri Chuet, Thibault Sarremejean",40-44,00:59:11,3551,59.18,Bilbao,2026,Doubles Men,00:03:59,00:03:58,00:03:40,00:01:45,00:04:02,00:02:35,00:04:08,00:02:29,00:04:06,00:03:56,00:04:07,00:01:24,00:04:05,00:02:57,00:04:04,00:03:57,00:04:07,00:32:07,00:03:40
78,6,Alvaro Cano Povedano,Ricardo Atoche Crespo,"Alvaro Cano Povedano, Ricardo Atoche Crespo",16-24,00:59:12,3552,59.2,Bilbao,2026,Doubles Men,00:04:17,00:03:59,00:03:43,00:01:53,00:03:59,00:03:05,00:03:48,00:02:04,00:03:48,00:04:01,00:03:50,00:01:20,00:04:05,00:02:45,00:03:59,00:03:55,00:04:50,00:31:25,00:03:43
79,23,Enzo Nalis,Arthur Lothaire,"Enzo Nalis, Arthur Lothaire",25-29,00:59:14,3554,59.23,Bilbao,2026,Doubles Men,00:04:14,00:03:59,00:03:43,00:01:42,00:03:52,00:03:51,00:03:55,00:02:49,00:03:57,00:04:13,00:03:51,00:01:12,00:03:56,00:02:44,00:03:50,00:03:49,00:03:47,00:31:14,00:03:43
80,25,Carlos Sepúlveda Odriozola,Sergio Murga Abascal,"Carlos Sepúlveda Odriozola, Sergio Murga Abascal",30-34,00:59:17,3557,59.28,Bilbao,2026,Doubles Men,00:04:02,00:04:03,00:03:48,00:01:51,00:04:02,00:03:06,00:03:58,00:02:18,00:04:02,00:04:21,00:04:02,00:01:15,00:04:05,00:02:39,00:04:09,00:03:37,00:04:06,00:32:06,00:03:48
81,9,Kevin López,Eduardo Muñoz Martínez Muñoz Martínez,"Kevin López, Eduardo Muñoz Martínez Muñoz Martínez",40-44,00:59:19,3559,59.32,Bilbao,2026,Doubles Men,00:03:48,00:03:56,00:03:42,00:01:55,00:03:49,00:02:37,00:04:04,00:02:05,00:04:11,00:04:16,00:04:05,00:01:15,00:04:04,00:03:09,00:04:12,00:03:57,00:04:22,00:31:51,00:03:42
82,24,Hamza Aourik,Ahmed Aourik,"Hamza Aourik, Ahmed Aourik",25-29,00:59:22,3562,59.37,Bilbao,2026,Doubles Men,00:04:11,00:03:58,00:03:58,00:01:52,00:04:03,00:02:55,00:03:53,00:02:04,00:03:57,00:04:26,00:03:53,00:01:09,00:04:10,00:02:43,00:03:59,00:04:01,00:04:19,00:31:59,00:03:53
83,25,João Lopes,Bernardo Pinheiro,"João Lopes, Bernardo Pinheiro",25-29,00:59:25,3565,59.42,Bilbao,2026,Doubles Men,00:04:09,00:03:56,00:03:56,00:01:52,00:04:06,00:03:11,00:03:59,00:02:17,00:04:06,00:04:02,00:03:57,00:01:17,00:04:00,00:02:56,00:04:02,00:03:48,00:03:59,00:32:12,00:03:56
84,18,Andy Jose De Sousa Velasquez,David Franco Rodrigues,"Andy Jose De Sousa Velasquez, David Franco Rodrigues",35-39,00:59:26,3566,59.43,Bilbao,2026,Doubles Men,00:03:46,00:03:43,00:03:29,00:01:54,00:03:31,00:03:04,00:03:38,00:02:30,00:03:44,00:04:17,00:03:46,00:01:20,00:03:46,00:03:36,00:03:44,00:05:44,00:04:02,00:29:21,00:03:29
85,19,Del Athwal,Alvaro Saez,"Del Athwal, Alvaro Saez",35-39,00:59:30,3570,59.5,Bilbao,2026,Doubles Men,00:03:51,00:03:58,00:03:36,00:01:49,00:04:01,00:02:47,00:04:14,00:02:36,00:04:15,00:04:18,00:04:04,00:01:25,00:04:14,00:03:02,00:03:58,00:03:44,00:03:47,00:32:09,00:03:36
86,26,Iñigo Uria,Michael Garcia,"Iñigo Uria, Michael Garcia",30-34,00:59:32,3572,59.53,Bilbao,2026,Doubles Men,00:03:58,00:03:58,00:03:41,00:02:05,00:03:51,00:02:50,00:03:53,00:02:59,00:03:51,00:04:16,00:03:59,00:01:43,00:03:52,00:02:51,00:04:05,00:03:32,00:04:15,00:31:08,00:03:41
87,20,Cristian De Leon Curbelo,Oscar Jesus González Curbelo,"Cristian De Leon Curbelo, Oscar Jesus González Curbelo",35-39,00:59:35,3575,59.58,Bilbao,2026,Doubles Men,00:04:02,00:04:08,00:03:45,00:02:02,00:04:03,00:03:04,00:04:04,00:01:57,00:04:05,00:04:14,00:03:58,00:01:31,00:03:57,00:03:08,00:04:04,00:03:40,00:04:02,00:31:53,00:03:45
88,26,Yannis Mboukou,Robin Delmarre,"Yannis Mboukou, Robin Delmarre",25-29,00:59:36,3576,59.6,Bilbao,2026,Doubles Men,00:04:24,00:03:42,00:03:45,00:01:46,00:03:44,00:02:42,00:03:44,00:02:27,00:04:12,00:04:03,00:03:57,00:01:14,00:03:58,00:02:52,00:04:15,00:03:47,00:05:10,00:31:57,00:03:44
89,7,Maxime Louault,Leo Genestre,"Maxime Louault, Leo Genestre",16-24,00:59:40,3580,59.67,Bilbao,2026,Doubles Men,00:03:53,00:03:55,00:03:41,00:01:58,00:04:09,00:02:58,00:04:12,00:02:33,00:04:03,00:04:09,00:04:03,00:01:19,00:04:07,00:02:45,00:04:10,00:03:38,00:04:14,00:32:15,00:03:41
90,27,Abderrahmane Bennebri,Jose Antonio Rodriguez,"Abderrahmane Bennebri, Jose Antonio Rodriguez",25-29,00:59:42,3582,59.7,Bilbao,2026,Doubles Men,00:03:57,00:03:46,00:03:48,00:01:37,00:03:57,00:02:40,00:04:01,00:02:35,00:04:13,00:04:18,00:04:09,00:01:24,00:04:06,00:02:56,00:04:22,00:03:16,00:04:44,00:32:30,00:03:48
91,10,Carlos Coelho,Paulo Bonito,"Carlos Coelho, Paulo Bonito",40-44,00:59:51,3591,59.85,Bilbao,2026,Doubles Men,00:03:52,00:03:50,00:03:49,00:01:55,00:04:01,00:02:44,00:03:56,00:02:42,00:03:58,00:04:08,00:04:09,00:01:34,00:04:04,00:02:51,00:04:01,00:04:19,00:04:07,00:31:45,00:03:49
92,27,Julien Peyrical,Rémi De Barros,"Julien Peyrical, Rémi De Barros",30-34,00:59:53,3593,59.88,Bilbao,2026,Doubles Men,00:03:50,00:03:52,00:03:42,00:02:19,00:03:58,00:03:23,00:03:47,00:02:35,00:03:49,00:04:09,00:03:51,00:01:22,00:03:54,00:03:37,00:03:55,00:03:44,00:04:16,00:30:42,00:03:42
93,21,Thomas Nortvig,Andreas Vesterholm,"Thomas Nortvig, Andreas Vesterholm",35-39,00:59:55,3595,59.92,Bilbao,2026,Doubles Men,00:04:39,00:03:36,00:04:09,00:01:34,00:04:15,00:03:02,00:04:12,00:02:16,00:04:08,00:03:47,00:04:14,00:01:20,00:04:18,00:02:59,00:04:02,00:03:21,00:04:10,00:33:54,00:04:02
94,28,Jorge Delgado Sanchez,Pablo Lozano Lominchar,"Jorge Delgado Sanchez, Pablo Lozano Lominchar",30-34,00:59:57,3597,59.95,Bilbao,2026,Doubles Men,00:03:33,00:03:49,00:03:31,00:01:56,00:03:41,00:03:03,00:03:37,00:01:50,00:03:52,00:04:09,00:05:39,00:01:28,00:05:34,00:02:52,00:03:59,00:03:43,00:03:50,00:33:22,00:03:31
95,11,Jadire Rudolfina,Oshadix Leonora,"Jadire Rudolfina, Oshadix Leonora",40-44,00:59:59,3599,59.98,Bilbao,2026,Doubles Men,00:04:01,00:03:43,00:03:41,00:01:47,00:04:02,00:02:25,00:04:09,00:02:51,00:04:14,00:04:09,00:04:11,00:01:21,00:04:15,00:02:41,00:04:22,00:04:05,00:04:11,00:32:52,00:03:41
96,29,Unai Ahedo,Iñigo Ahedo,"Unai Ahedo, Iñigo Ahedo",30-34,01:00:05,3605,60.08,Bilbao,2026,Doubles Men,00:04:01,00:03:47,00:03:43,00:01:48,00:03:57,00:03:17,00:04:00,00:02:20,00:04:05,00:04:17,00:04:00,00:01:35,00:04:07,00:02:51,00:04:10,00:04:06,00:04:10,00:31:59,00:03:43
97,28,Miguel Angel Arroyo De Lucas,David Izquierdo Cabeza,"Miguel Angel Arroyo De Lucas, David Izquierdo Cabeza",25-29,01:00:08,3608,60.13,Bilbao,2026,Doubles Men,00:04:07,00:03:50,00:03:49,00:01:56,00:03:45,00:03:15,00:03:49,00:02:41,00:03:58,00:04:09,00:03:53,00:01:20,00:03:57,00:03:19,00:04:04,00:04:29,00:03:56,00:31:18,00:03:45
98,30,Roger Costajussa Sallent,Ignasi Bassas Buj,"Roger Costajussa Sallent, Ignasi Bassas Buj",30-34,01:00:09,3609,60.15,Bilbao,2026,Doubles Men,00:04:01,00:03:46,00:04:04,00:01:50,00:04:20,00:02:57,00:04:12,00:02:16,00:04:15,00:03:57,00:04:18,00:01:24,00:04:18,00:02:48,00:04:23,00:03:27,00:04:02,00:33:46,00:04:04
99,29,Sean Whelan,Aaron Myles,"Sean Whelan, Aaron Myles",25-29,01:00:13,3613,60.22,Bilbao,2026,Doubles Men,00:04:02,00:03:59,00:03:43,00:01:50,00:03:57,00:03:14,00:03:56,00:02:47,00:04:01,00:04:25,00:03:51,00:01:35,00:03:47,00:03:08,00:04:07,00:03:57,00:04:04,00:31:19,00:03:43
100,31,Yeray Pino Luis,Imanol Iruretagoyena Larrañaga,"Yeray Pino Luis, Imanol Iruretagoyena Larrañaga",30-34,01:00:17,3617,60.28,Bilbao,2026,Doubles Men,00:04:32,00:03:47,00:04:14,00:01:38,00:04:27,00:02:39,00:04:28,00:01:55,00:04:21,00:03:59,00:04:22,00:01:26,00:04:14,00:02:39,00:04:07,00:03:14,00:04:22,00:34:42,00:04:07
101,12,Antonio Quirós,Iván Quirós,"Antonio Quirós, Iván Quirós",40-44,01:00:23,3623,60.38,Bilbao,2026,Doubles Men,00:04:21,00:03:48,00:04:05,00:01:35,00:04:12,00:02:56,00:04:11,00:02:19,00:04:19,00:04:17,00:04:14,00:01:18,00:04:14,00:02:53,00:04:16,00:03:35,00:03:58,00:33:49,00:04:05
102,32,Nuno Albardeiro,Duarte Costa,"Nuno Albardeiro, Duarte Costa",30-34,01:00:27,3627,60.45,Bilbao,2026,Doubles Men,00:04:26,00:03:47,00:04:08,00:01:41,00:04:29,00:02:40,00:04:24,00:02:06,00:04:27,00:03:50,00:04:21,00:01:22,00:04:20,00:02:32,00:04:19,00:03:34,00:04:08,00:34:50,00:04:08
103,22,Anthony Quinlan,Neil Sharples,"Anthony Quinlan, Neil Sharples",35-39,01:00:27,3627,60.45,Bilbao,2026,Doubles Men,00:04:00,00:03:33,00:03:57,00:01:43,00:04:11,00:02:09,00:04:09,00:02:30,00:04:17,00:04:00,00:04:15,00:01:27,00:04:09,00:02:50,00:04:24,00:03:45,00:05:17,00:33:18,00:03:57
104,23,Mikel Blanco,Jokin Alonso,"Mikel Blanco, Jokin Alonso",35-39,01:00:27,3627,60.45,Bilbao,2026,Doubles Men,00:04:42,00:03:45,00:04:07,00:01:38,00:04:23,00:02:41,00:04:13,00:01:53,00:04:14,00:04:01,00:04:20,00:01:10,00:04:29,00:02:50,00:04:12,00:03:32,00:04:26,00:34:36,00:04:07
105,24,Gaizka Peral Garcia-Escudero,Eneko Reyes Basteguieta,"Gaizka Peral Garcia-Escudero, Eneko Reyes Basteguieta",35-39,01:00:27,3627,60.45,Bilbao,2026,Doubles Men,00:04:20,00:03:53,00:04:01,00:01:54,00:04:06,00:02:42,00:04:07,00:01:55,00:04:19,00:04:07,00:04:19,00:01:22,00:04:31,00:02:35,00:04:18,00:03:50,00:04:17,00:33:56,00:04:01
106,30,Ander Alonso,Mikel Elosegi,"Ander Alonso, Mikel Elosegi",25-29,01:00:34,3634,60.57,Bilbao,2026,Doubles Men,00:04:07,00:04:03,00:03:51,00:01:46,00:04:04,00:02:50,00:04:00,00:02:38,00:04:16,00:04:34,00:04:17,00:01:26,00:04:12,00:02:37,00:04:16,00:03:40,00:04:04,00:32:59,00:03:51
107,13,Raúl Fernandez Bàrcena,Endika Fernández Bàrcena,"Raúl Fernandez Bàrcena, Endika Fernández Bàrcena",40-44,01:00:34,3634,60.57,Bilbao,2026,Doubles Men,00:04:00,00:03:52,00:03:46,00:01:33,00:04:03,00:02:57,00:04:08,00:02:19,00:04:05,00:04:25,00:04:01,00:01:25,00:04:17,00:03:13,00:04:16,00:03:40,00:04:43,00:32:32,00:03:46
108,25,Bruno Bello,Ángel Cabo,"Bruno Bello, Ángel Cabo",35-39,01:00:35,3635,60.58,Bilbao,2026,Doubles Men,00:04:18,00:03:40,00:04:05,00:01:55,00:04:17,00:02:47,00:04:16,00:02:04,00:04:18,00:04:09,00:04:11,00:01:35,00:04:13,00:02:47,00:04:15,00:03:49,00:04:03,00:33:51,00:04:05
109,14,Pedro Silva,Miguel Guimaraes,"Pedro Silva, Miguel Guimaraes",40-44,01:00:36,3636,60.6,Bilbao,2026,Doubles Men,00:04:17,00:03:48,00:03:58,00:02:02,00:04:03,00:02:27,00:04:07,00:02:32,00:04:05,00:04:08,00:04:05,00:01:22,00:04:11,00:02:57,00:04:13,00:03:43,00:04:47,00:32:55,00:03:58
110,33,Wolfram Haba,Guillermo Fernández,"Wolfram Haba, Guillermo Fernández",30-34,01:00:37,3637,60.62,Bilbao,2026,Doubles Men,00:04:35,00:03:48,00:04:15,00:01:36,00:04:26,00:02:52,00:04:23,00:02:22,00:04:11,00:03:46,00:04:25,00:01:09,00:04:09,00:03:05,00:03:58,00:03:43,00:04:02,00:34:18,00:03:58
111,34,Javier Moré,Daniel Soto,"Javier Moré, Daniel Soto",30-34,01:00:37,3637,60.62,Bilbao,2026,Doubles Men,00:04:18,00:03:52,00:04:04,00:01:42,00:04:21,00:02:42,00:04:19,00:02:12,00:04:26,00:04:02,00:04:16,00:01:19,00:04:19,00:02:54,00:04:10,00:03:39,00:04:10,00:34:10,00:04:04
112,35,Iñaki Loinaz Garate,Joseba Peña Unanue,"Iñaki Loinaz Garate, Joseba Peña Unanue",30-34,01:00:41,3641,60.68,Bilbao,2026,Doubles Men,00:04:10,00:03:38,00:04:05,00:01:41,00:04:20,00:02:41,00:04:21,00:02:16,00:04:22,00:03:55,00:04:21,00:01:14,00:04:20,00:03:01,00:04:17,00:03:38,00:04:28,00:34:13,00:04:05
113,36,Joan Sampol,Lluis Florit,"Joan Sampol, Lluis Florit",30-34,01:00:42,3642,60.7,Bilbao,2026,Doubles Men,00:03:59,00:03:59,00:03:43,00:01:53,00:04:01,00:04:09,00:03:54,00:02:15,00:03:59,00:04:18,00:03:49,00:01:34,00:03:48,00:03:11,00:03:54,00:03:58,00:04:25,00:31:04,00:03:43
114,2,Greg Mcdermott,Rich Scicluna,"Greg Mcdermott, Rich Scicluna",45-49,01:00:48,3648,60.8,Bilbao,2026,Doubles Men,00:04:17,00:04:07,00:04:00,00:01:46,00:04:06,00:02:46,00:04:03,00:02:48,00:04:02,00:04:14,00:04:03,00:01:29,00:04:05,00:03:10,00:04:07,00:03:39,00:04:15,00:32:39,00:04:00
115,31,Eduard Català,Xisco Ferra,"Eduard Català, Xisco Ferra",25-29,01:00:49,3649,60.82,Bilbao,2026,Doubles Men,00:04:02,00:04:03,00:03:50,00:01:46,00:04:06,00:02:47,00:04:05,00:02:40,00:04:13,00:04:17,00:04:16,00:01:30,00:04:21,00:02:53,00:04:25,00:03:48,00:03:56,00:33:14,00:03:50
116,37,Glenn Urmeneta,David Bodas,"Glenn Urmeneta, David Bodas",30-34,01:00:52,3652,60.87,Bilbao,2026,Doubles Men,00:04:10,00:03:43,00:04:04,00:01:37,00:04:13,00:02:17,00:04:20,00:01:47,00:04:27,00:04:02,00:04:23,00:01:18,00:04:38,00:03:04,00:04:20,00:03:41,00:04:57,00:34:30,00:04:04
117,38,Felix Paradis,Morgan Huron,"Felix Paradis, Morgan Huron",30-34,01:00:53,3653,60.88,Bilbao,2026,Doubles Men,00:04:28,00:03:52,00:04:08,00:01:36,00:04:15,00:02:16,00:04:18,00:02:31,00:04:14,00:04:03,00:04:15,00:01:17,00:04:13,00:03:02,00:04:18,00:03:49,00:04:27,00:34:05,00:04:08
118,15,Alberto Gago,Eleazar Cobos,"Alberto Gago, Eleazar Cobos",40-44,01:00:54,3654,60.9,Bilbao,2026,Doubles Men,00:04:21,00:03:48,00:04:04,00:01:49,00:04:22,00:02:42,00:04:18,00:02:06,00:04:18,00:04:02,00:04:08,00:01:20,00:04:16,00:02:57,00:04:07,00:03:45,00:04:39,00:33:51,00:04:04
119,16,Claret Rosset,Sergi Rubio,"Claret Rosset, Sergi Rubio",40-44,01:00:55,3655,60.92,Bilbao,2026,Doubles Men,00:04:13,00:03:37,00:03:56,00:01:51,00:04:04,00:02:53,00:04:01,00:03:22,00:04:12,00:04:06,00:04:02,00:01:15,00:04:01,00:02:52,00:04:00,00:04:14,00:04:24,00:32:25,00:03:56
120,32,Ander Aranzabal,Jon Belaustegui,"Ander Aranzabal, Jon Belaustegui",25-29,01:00:58,3658,60.97,Bilbao,2026,Doubles Men,00:04:44,00:03:38,00:04:22,00:01:25,00:04:28,00:02:46,00:04:24,00:02:13,00:04:26,00:03:46,00:04:22,00:01:07,00:04:23,00:02:19,00:04:24,00:03:15,00:05:03,00:35:30,00:04:22
121,33,Alejandro Gamboa,Tomas Deprit,"Alejandro Gamboa, Tomas Deprit",25-29,01:00:58,3658,60.97,Bilbao,2026,Doubles Men,00:03:51,00:03:49,00:03:57,00:01:38,00:04:11,00:02:54,00:04:14,00:02:23,00:04:29,00:04:10,00:04:20,00:01:23,00:04:28,00:03:02,00:04:21,00:03:40,00:04:16,00:33:49,00:03:57
122,39,Bernat Miret,Diego Laredo Salvador,"Bernat Miret, Diego Laredo Salvador",30-34,01:01:00,3660,61.0,Bilbao,2026,Doubles Men,00:04:22,00:04:11,00:03:58,00:01:48,00:04:07,00:02:40,00:04:14,00:02:21,00:04:23,00:04:26,00:04:12,00:01:27,00:04:03,00:02:56,00:04:12,00:03:36,00:04:14,00:33:28,00:03:58
123,26,Biel Padilla Sanchez,Tolo Capo Mira,"Biel Padilla Sanchez, Tolo Capo Mira",35-39,01:01:02,3662,61.03,Bilbao,2026,Doubles Men,00:04:16,00:03:44,00:04:05,00:01:37,00:04:13,00:02:23,00:04:14,00:02:41,00:04:14,00:04:10,00:04:08,00:01:13,00:04:13,00:03:18,00:04:12,00:03:48,00:04:40,00:33:31,00:04:05
124,3,Tomas Vizueta,Carlos Blanes,"Tomas Vizueta, Carlos Blanes",45-49,01:01:03,3663,61.05,Bilbao,2026,Doubles Men,00:03:44,00:04:02,00:03:51,00:02:00,00:03:52,00:03:26,00:03:58,00:02:58,00:03:55,00:04:20,00:03:57,00:01:23,00:04:02,00:03:19,00:03:59,00:04:08,00:04:17,00:31:14,00:03:51
125,40,Lucas Place,Julien Choime,"Lucas Place, Julien Choime",30-34,01:01:04,3664,61.07,Bilbao,2026,Doubles Men,00:04:09,00:04:06,00:04:03,00:01:48,00:04:21,00:03:32,00:04:05,00:02:18,00:04:14,00:04:08,00:04:12,00:01:18,00:04:11,00:02:39,00:04:14,00:03:28,00:04:26,00:33:24,00:04:03
126,4,Jens Nordmeier,Martin Strauch,"Jens Nordmeier, Martin Strauch",45-49,01:01:04,3664,61.07,Bilbao,2026,Doubles Men,00:04:12,00:03:39,00:04:04,00:01:35,00:04:38,00:02:38,00:04:18,00:01:57,00:04:40,00:03:54,00:04:38,00:01:18,00:04:36,00:02:48,00:04:29,00:03:28,00:04:21,00:35:31,00:04:04
127,34,Florian Claverie,Romain Raschetti,"Florian Claverie, Romain Raschetti",25-29,01:01:04,3664,61.07,Bilbao,2026,Doubles Men,00:04:17,00:04:07,00:03:52,00:01:48,00:04:06,00:02:47,00:04:06,00:02:47,00:04:02,00:04:34,00:04:04,00:01:16,00:04:13,00:03:43,00:04:12,00:03:30,00:03:50,00:32:48,00:03:52
128,41,Pedro Carlos Garcia Parejo,Samuel Romero Romero,"Pedro Carlos Garcia Parejo, Samuel Romero Romero",30-34,01:01:05,3665,61.08,Bilbao,2026,Doubles Men,00:04:13,00:04:01,00:03:58,00:01:50,00:04:06,00:03:16,00:04:04,00:02:24,00:04:09,00:04:11,00:04:10,00:01:26,00:04:07,00:03:11,00:04:11,00:03:41,00:04:15,00:32:55,00:03:58
129,42,Raúl Del Brío,Adrián Revidiego Gago,"Raúl Del Brío, Adrián Revidiego Gago",30-34,01:01:06,3666,61.1,Bilbao,2026,Doubles Men,00:04:12,00:03:51,00:03:54,00:02:13,00:04:04,00:02:53,00:04:09,00:02:57,00:04:12,00:04:05,00:04:09,00:01:39,00:04:06,00:02:59,00:04:08,00:03:42,00:04:00,00:32:51,00:03:54
130,17,Sergio Lopez,Miguel Prados,"Sergio Lopez, Miguel Prados",40-44,01:01:09,3669,61.15,Bilbao,2026,Doubles Men,00:04:09,00:03:55,00:04:03,00:01:28,00:04:19,00:03:32,00:04:20,00:01:29,00:04:20,00:04:21,00:04:17,00:01:17,00:04:24,00:03:27,00:04:15,00:03:36,00:04:05,00:34:03,00:04:03
131,35,Jaime Martín De La Gala,Javier Pérez Sánchez-Portal,"Jaime Martín De La Gala, Javier Pérez Sánchez-Portal",25-29,01:01:11,3671,61.18,Bilbao,2026,Doubles Men,00:04:07,00:04:04,00:03:55,00:01:40,00:03:57,00:03:10,00:04:00,00:02:11,00:04:17,00:04:12,00:04:08,00:01:39,00:04:07,00:02:50,00:03:56,00:04:21,00:04:43,00:32:24,00:03:55
132,8,Andoni Lopez,Unax Bedialauneta,"Andoni Lopez, Unax Bedialauneta",16-24,01:01:16,3676,61.27,Bilbao,2026,Doubles Men,00:05:21,00:03:49,00:04:29,00:01:24,00:04:26,00:02:22,00:04:22,00:01:55,00:04:28,00:03:56,00:04:07,00:01:02,00:04:10,00:02:35,00:03:53,00:04:13,00:04:51,00:35:14,00:03:53
133,9,Jean-Lou Labat,Paul Richard,"Jean-Lou Labat, Paul Richard",16-24,01:01:18,3678,61.3,Bilbao,2026,Doubles Men,00:04:35,00:03:45,00:04:03,00:01:34,00:04:14,00:01:52,00:04:21,00:01:55,00:04:29,00:04:01,00:06:17,00:01:18,00:04:20,00:02:25,00:04:28,00:03:31,00:04:19,00:36:43,00:04:03
134,27,David Lopes Riquelme,Jesús Martínez Méndez,"David Lopes Riquelme, Jesús Martínez Méndez",35-39,01:01:20,3680,61.33,Bilbao,2026,Doubles Men,00:04:05,00:03:49,00:03:47,00:01:55,00:04:04,00:03:21,00:03:57,00:02:45,00:04:02,00:04:26,00:03:56,00:01:17,00:03:59,00:02:50,00:04:10,00:03:45,00:05:19,00:31:56,00:03:47
135,36,Eduardo Alfaro,Manuel Lacava,"Eduardo Alfaro, Manuel Lacava",25-29,01:01:23,3683,61.38,Bilbao,2026,Doubles Men,00:04:27,00:03:47,00:04:01,00:02:01,00:04:10,00:03:11,00:04:06,00:02:16,00:04:16,00:04:09,00:04:08,00:01:23,00:04:08,00:02:55,00:04:08,00:03:56,00:04:27,00:33:22,00:04:01
136,10,Iker Lara,Ander Cuerva,"Iker Lara, Ander Cuerva",16-24,01:01:27,3687,61.45,Bilbao,2026,Doubles Men,00:04:30,00:04:02,00:04:12,00:02:01,00:04:14,00:03:13,00:04:09,00:02:00,00:04:11,00:04:04,00:04:18,00:01:21,00:04:23,00:02:59,00:04:15,00:03:28,00:04:15,00:34:08,00:04:09
137,28,Endika Alonso,Alvaro Calvo,"Endika Alonso, Alvaro Calvo",35-39,01:01:28,3688,61.47,Bilbao,2026,Doubles Men,00:03:42,00:04:00,00:03:40,00:01:54,00:03:46,00:03:26,00:03:54,00:02:36,00:03:54,00:04:31,00:03:45,00:01:27,00:03:45,00:04:07,00:04:16,00:04:37,00:04:15,00:30:39,00:03:40
138,43,Ollie Horsnall,James Myburgh,"Ollie Horsnall, James Myburgh",30-34,01:01:28,3688,61.47,Bilbao,2026,Doubles Men,00:04:57,00:03:37,00:04:29,00:01:23,00:04:26,00:02:08,00:04:20,00:02:37,00:04:15,00:04:13,00:04:10,00:01:17,00:04:08,00:02:46,00:04:03,00:04:31,00:04:16,00:34:45,00:04:03
139,37,Aleix Campos Boils,Joan Torta Cabanes,"Aleix Campos Boils, Joan Torta Cabanes",25-29,01:01:31,3691,61.52,Bilbao,2026,Doubles Men,00:04:09,00:03:52,00:03:55,00:01:47,00:04:32,00:02:23,00:04:32,00:02:19,00:04:26,00:03:48,00:04:04,00:01:12,00:04:15,00:02:42,00:04:09,00:03:48,00:05:47,00:33:58,00:03:55
140,44,Cedric Dupuy,Romain Lafon,"Cedric Dupuy, Romain Lafon",30-34,01:01:33,3693,61.55,Bilbao,2026,Doubles Men,00:04:11,00:03:47,00:03:55,00:01:54,00:04:38,00:03:00,00:04:32,00:02:15,00:04:15,00:03:58,00:04:21,00:01:04,00:04:35,00:02:32,00:04:21,00:03:51,00:04:32,00:34:45,00:03:55
141,29,Josu Martin Rey,Iñaki Nuñez Ayala,"Josu Martin Rey, Iñaki Nuñez Ayala",35-39,01:01:35,3695,61.58,Bilbao,2026,Doubles Men,00:04:10,00:04:02,00:03:53,00:02:08,00:04:00,00:03:00,00:04:00,00:02:42,00:04:08,00:04:16,00:04:02,00:01:30,00:04:04,00:03:33,00:04:02,00:04:16,00:03:57,00:32:15,00:03:53
142,30,Asier Perez San Juan,Jean Baptiste Oppong Ama,"Asier Perez San Juan, Jean Baptiste Oppong Ama",35-39,01:01:37,3697,61.62,Bilbao,2026,Doubles Men,00:04:39,00:04:03,00:04:17,00:01:51,00:04:20,00:02:47,00:04:05,00:02:03,00:04:18,00:04:12,00:04:09,00:01:35,00:04:21,00:02:59,00:04:20,00:03:39,00:04:06,00:34:27,00:04:05
143,45,Janis Arsts,Sam Tucker,"Janis Arsts, Sam Tucker",30-34,01:01:39,3699,61.65,Bilbao,2026,Doubles Men,00:04:09,00:03:33,00:03:56,00:01:59,00:04:20,00:02:56,00:04:16,00:02:48,00:04:19,00:03:58,00:04:15,00:01:17,00:04:21,00:02:54,00:04:07,00:04:06,00:04:33,00:33:40,00:03:56
144,5,Nicolas Pichel Castro,Pablo Vázquez Esmoris,"Nicolas Pichel Castro, Pablo Vázquez Esmoris",45-49,01:01:44,3704,61.73,Bilbao,2026,Doubles Men,00:04:08,00:03:52,00:03:43,00:01:52,00:03:50,00:03:38,00:03:49,00:03:19,00:03:48,00:04:17,00:03:48,00:01:36,00:03:46,00:03:33,00:03:55,00:04:29,00:04:31,00:30:42,00:03:43
145,46,Pablo Gallén Ortega,Eduardo Naldinho,"Pablo Gallén Ortega, Eduardo Naldinho",30-34,01:01:50,3710,61.83,Bilbao,2026,Doubles Men,00:04:18,00:03:56,00:03:59,00:01:56,00:04:04,00:03:11,00:04:08,00:02:55,00:04:05,00:04:11,00:04:03,00:01:27,00:03:57,00:03:14,00:04:01,00:04:03,00:04:27,00:32:33,00:03:57
146,11,Juan Martinez,Jorge Martinez,"Juan Martinez, Jorge Martinez",16-24,01:01:54,3714,61.9,Bilbao,2026,Doubles Men,00:04:47,00:04:05,00:04:09,00:01:46,00:04:10,00:03:10,00:04:05,00:02:33,00:04:05,00:04:06,00:04:06,00:01:28,00:04:06,00:02:52,00:04:11,00:03:56,00:04:27,00:33:35,00:04:05
147,47,Diego Fernández,Mario Del Campo,"Diego Fernández, Mario Del Campo",30-34,01:01:54,3714,61.9,Bilbao,2026,Doubles Men,00:04:18,00:04:05,00:04:07,00:01:49,00:04:22,00:02:57,00:04:19,00:02:25,00:04:18,00:04:25,00:04:16,00:01:34,00:04:10,00:02:28,00:04:05,00:03:28,00:04:54,00:33:52,00:04:05
148,48,Eduardo Pérez,Gonzalo Echarri,"Eduardo Pérez, Gonzalo Echarri",30-34,01:01:54,3714,61.9,Bilbao,2026,Doubles Men,00:04:04,00:03:38,00:04:08,00:01:40,00:04:21,00:03:39,00:04:13,00:02:30,00:04:16,00:03:59,00:04:16,00:01:26,00:04:19,00:03:24,00:04:29,00:03:37,00:04:01,00:34:02,00:04:08
149,49,Adrian Vila Castera,Angel Palomares Vivar,"Adrian Vila Castera, Angel Palomares Vivar",30-34,01:01:58,3718,61.97,Bilbao,2026,Doubles Men,00:04:02,00:03:49,00:04:03,00:02:04,00:04:12,00:03:03,00:04:06,00:03:01,00:04:11,00:04:18,00:04:21,00:01:24,00:04:10,00:02:57,00:04:14,00:03:52,00:04:18,00:33:16,00:04:03
150,50,Antoine Gomez,Kevin Bastiat,"Antoine Gomez, Kevin Bastiat",30-34,01:02:00,3720,62.0,Bilbao,2026,Doubles Men,00:04:20,00:03:52,00:03:56,00:01:53,00:04:11,00:03:09,00:04:06,00:02:38,00:04:18,00:04:13,00:04:01,00:01:14,00:04:08,00:03:40,00:04:13,00:03:50,00:04:26,00:33:10,00:03:56
151,12,Sergio Iglesias Azaña,Alejandro Lacruz Zernov,"Sergio Iglesias Azaña, Alejandro Lacruz Zernov",16-24,01:02:01,3721,62.02,Bilbao,2026,Doubles Men,00:04:28,00:03:34,00:04:21,00:01:43,00:04:28,00:02:31,00:04:29,00:02:04,00:04:38,00:04:13,00:04:32,00:01:11,00:04:28,00:02:47,00:04:32,00:03:27,00:04:43,00:35:51,00:04:21
152,51,David Rivero Bermudez,Daniel Hernández Almeida,"David Rivero Bermudez, Daniel Hernández Almeida",30-34,01:02:01,3721,62.02,Bilbao,2026,Doubles Men,00:04:14,00:03:58,00:04:05,00:01:41,00:04:11,00:02:56,00:04:12,00:02:32,00:04:18,00:04:09,00:04:09,00:01:23,00:04:16,00:02:38,00:04:08,00:03:58,00:05:21,00:33:30,00:04:05
153,31,Jordane Menegaux,Latu Latunipulu,"Jordane Menegaux, Latu Latunipulu",35-39,01:02:01,3721,62.02,Bilbao,2026,Doubles Men,00:03:58,00:03:46,00:03:46,00:01:56,00:04:20,00:02:38,00:04:09,00:02:26,00:04:39,00:04:06,00:04:28,00:01:23,00:04:54,00:02:56,00:04:36,00:03:41,00:04:25,00:34:47,00:03:46
154,38,Oihan Perea,Imanol Zubiate,"Oihan Perea, Imanol Zubiate",25-29,01:02:01,3721,62.02,Bilbao,2026,Doubles Men,00:04:26,00:03:50,00:04:09,00:01:47,00:04:19,00:02:43,00:04:32,00:02:36,00:04:24,00:04:00,00:04:24,00:01:27,00:04:30,00:02:32,00:04:23,00:03:42,00:04:25,00:35:02,00:04:09
155,1,Frank Buchert,Rafael Pérez,"Frank Buchert, Rafael Pérez",50-54,01:02:03,3723,62.05,Bilbao,2026,Doubles Men,00:04:24,00:03:51,00:04:05,00:01:46,00:04:19,00:03:08,00:04:20,00:02:30,00:04:22,00:04:07,00:04:18,00:01:25,00:04:12,00:02:59,00:04:16,00:04:07,00:04:02,00:34:13,00:04:05
156,18,Jesus Perez Barro,Guillaume Brocart,"Jesus Perez Barro, Guillaume Brocart",40-44,01:02:03,3723,62.05,Bilbao,2026,Doubles Men,00:04:16,00:03:48,00:03:58,00:02:05,00:04:15,00:03:30,00:04:13,00:02:34,00:04:21,00:04:07,00:04:12,00:01:22,00:04:08,00:02:55,00:04:08,00:03:35,00:04:47,00:33:26,00:03:58
157,52,Jack Rowett,Tom Shiel,"Jack Rowett, Tom Shiel",30-34,01:02:04,3724,62.07,Bilbao,2026,Doubles Men,00:04:08,00:03:47,00:03:58,00:01:55,00:04:06,00:02:55,00:04:08,00:03:05,00:04:13,00:04:13,00:04:19,00:01:24,00:04:13,00:03:22,00:04:16,00:04:04,00:04:04,00:33:18,00:03:58
158,32,Francesc Servera,Daniel Enrique Llompard,"Francesc Servera, Daniel Enrique Llompard",35-39,01:02:04,3724,62.07,Bilbao,2026,Doubles Men,00:04:07,00:03:59,00:04:06,00:02:16,00:04:12,00:03:19,00:04:13,00:02:25,00:04:18,00:04:27,00:04:16,00:01:26,00:04:20,00:02:48,00:04:21,00:03:23,00:04:14,00:33:51,00:04:06
159,2,Frédéric Vidotto,Eric Pedro,"Frédéric Vidotto, Eric Pedro",50-54,01:02:07,3727,62.12,Bilbao,2026,Doubles Men,00:04:33,00:03:50,00:04:07,00:02:01,00:04:20,00:02:36,00:04:16,00:02:30,00:04:35,00:04:08,00:04:26,00:01:13,00:04:32,00:02:37,00:04:40,00:03:42,00:04:10,00:35:26,00:04:07
160,53,Cosme Bripac,Davo Hyrox Team,"Cosme Bripac, Davo Hyrox Team",30-34,01:02:09,3729,62.15,Bilbao,2026,Doubles Men,00:04:33,00:03:45,00:04:04,00:02:12,00:04:16,00:02:58,00:04:18,00:02:24,00:04:26,00:04:02,00:04:17,00:01:26,00:04:25,00:02:47,00:04:22,00:03:36,00:04:26,00:34:38,00:04:04
161,6,Jorge Robles Criado,Jesús Álvarez Horrillo,"Jorge Robles Criado, Jesús Álvarez Horrillo",45-49,01:02:10,3730,62.17,Bilbao,2026,Doubles Men,00:03:54,00:03:57,00:04:04,00:02:11,00:04:13,00:03:18,00:04:13,00:02:16,00:04:14,00:04:28,00:04:16,00:01:24,00:04:13,00:03:01,00:04:22,00:03:28,00:04:45,00:33:26,00:04:04
162,54,Julian Campos Vara,Claudio Manuel Rivadulla Varela,"Julian Campos Vara, Claudio Manuel Rivadulla Varela",30-34,01:02:16,3736,62.27,Bilbao,2026,Doubles Men,00:04:13,00:03:53,00:04:01,00:01:56,00:04:16,00:02:43,00:04:17,00:02:22,00:04:20,00:04:07,00:04:11,00:01:14,00:04:06,00:02:58,00:04:04,00:04:38,00:05:08,00:33:24,00:04:01
163,33,Franck David,Romain Leurs,"Franck David, Romain Leurs",35-39,01:02:19,3739,62.32,Bilbao,2026,Doubles Men,00:04:15,00:03:53,00:04:00,00:01:56,00:04:12,00:03:21,00:04:15,00:02:48,00:04:16,00:04:22,00:04:10,00:01:15,00:04:06,00:03:26,00:04:07,00:03:50,00:04:16,00:33:17,00:04:00
164,39,Gorka Carrasco,Ibai Jimeno,"Gorka Carrasco, Ibai Jimeno",25-29,01:02:20,3740,62.33,Bilbao,2026,Doubles Men,00:04:36,00:03:55,00:04:19,00:01:24,00:04:36,00:03:18,00:04:27,00:01:55,00:04:37,00:04:07,00:04:32,00:01:18,00:04:26,00:02:23,00:04:25,00:03:29,00:04:39,00:35:56,00:04:19
165,40,Teo Givaudon,Marien Givaudon,"Teo Givaudon, Marien Givaudon",25-29,01:02:23,3743,62.38,Bilbao,2026,Doubles Men,00:03:49,00:04:04,00:04:00,00:02:03,00:04:33,00:03:08,00:04:01,00:02:51,00:04:04,00:04:27,00:03:59,00:01:25,00:03:52,00:03:04,00:04:09,00:04:47,00:04:15,00:32:24,00:03:52
166,55,Jean-Yves Boulmier,Tom Boulmier,"Jean-Yves Boulmier, Tom Boulmier",30-34,01:02:23,3743,62.38,Bilbao,2026,Doubles Men,00:04:14,00:03:42,00:04:03,00:01:59,00:04:28,00:02:59,00:04:24,00:02:07,00:04:40,00:03:56,00:04:31,00:01:21,00:04:34,00:02:47,00:04:35,00:03:52,00:04:19,00:35:25,00:04:03
167,56,Pablo Vargas Rodriguez,Joel Brito Rijo,"Pablo Vargas Rodriguez, Joel Brito Rijo",30-34,01:02:23,3743,62.38,Bilbao,2026,Doubles Men,00:04:06,00:04:05,00:03:58,00:02:04,00:04:11,00:03:29,00:04:10,00:02:10,00:04:12,00:04:20,00:04:08,00:01:26,00:04:07,00:02:57,00:04:10,00:04:10,00:04:48,00:32:57,00:03:58
168,57,Adrián Bonilla Andrade,Daniel Martin Macias,"Adrián Bonilla Andrade, Daniel Martin Macias",30-34,01:02:25,3745,62.42,Bilbao,2026,Doubles Men,00:04:09,00:03:42,00:03:59,00:01:49,00:04:32,00:02:42,00:04:28,00:02:52,00:04:36,00:04:05,00:04:19,00:01:21,00:04:32,00:03:12,00:04:21,00:03:43,00:04:11,00:34:54,00:03:59
169,19,Alejandro Eloy Calle Sanchez,Adrian Inclán Graña,"Alejandro Eloy Calle Sanchez, Adrian Inclán Graña",40-44,01:02:26,3746,62.43,Bilbao,2026,Doubles Men,00:04:08,00:03:59,00:04:05,00:02:03,00:04:26,00:02:32,00:04:38,00:02:26,00:04:33,00:04:01,00:04:27,00:01:14,00:04:23,00:03:02,00:04:29,00:03:47,00:04:23,00:35:05,00:04:05
170,20,Mário Torres,Tiago Mano,"Mário Torres, Tiago Mano",40-44,01:02:29,3749,62.48,Bilbao,2026,Doubles Men,00:04:13,00:03:45,00:04:08,00:01:50,00:04:20,00:03:11,00:04:17,00:02:29,00:04:17,00:04:08,00:04:22,00:01:20,00:04:24,00:02:47,00:04:18,00:04:24,00:04:24,00:34:15,00:04:08
171,41,David Luis,Thomas Amadio,"David Luis, Thomas Amadio",25-29,01:02:29,3749,62.48,Bilbao,2026,Doubles Men,00:03:50,00:03:53,00:03:56,00:02:01,00:04:18,00:03:20,00:04:19,00:02:35,00:04:09,00:04:23,00:04:11,00:01:16,00:04:06,00:03:03,00:04:11,00:04:05,00:05:02,00:32:57,00:03:56
172,58,Tom Stables,Mark Jordan,"Tom Stables, Mark Jordan",30-34,01:02:29,3749,62.48,Bilbao,2026,Doubles Men,00:04:11,00:03:53,00:03:59,00:01:49,00:04:04,00:03:06,00:04:11,00:02:49,00:04:19,00:04:14,00:04:17,00:01:28,00:04:08,00:02:53,00:04:19,00:04:31,00:04:27,00:33:26,00:03:59
173,21,David Sánchez,Quique Parra,"David Sánchez, Quique Parra",40-44,01:02:31,3751,62.52,Bilbao,2026,Doubles Men,00:03:59,00:03:56,00:03:50,00:02:08,00:04:09,00:03:35,00:04:05,00:02:36,00:04:16,00:04:26,00:04:13,00:01:33,00:04:13,00:03:18,00:04:08,00:04:02,00:04:13,00:32:48,00:03:50
174,59,Josep Rosselló Alomar,Joan Miquel Seguí,"Josep Rosselló Alomar, Joan Miquel Seguí",30-34,01:02:32,3752,62.53,Bilbao,2026,Doubles Men,00:04:27,00:03:53,00:04:08,00:01:37,00:04:22,00:02:22,00:04:17,00:02:58,00:04:36,00:03:59,00:04:16,00:01:28,00:04:22,00:03:15,00:04:28,00:03:38,00:04:33,00:34:53,00:04:08
175,60,Alberto Rodríguez Reboeiras,Adrián Vicente Paz Pérez,"Alberto Rodríguez Reboeiras, Adrián Vicente Paz Pérez",30-34,01:02:35,3755,62.58,Bilbao,2026,Doubles Men,00:04:39,00:03:47,00:04:20,00:01:36,00:04:25,00:02:43,00:04:23,00:01:59,00:04:25,00:04:20,00:04:26,00:01:07,00:04:38,00:02:59,00:04:25,00:03:59,00:04:32,00:35:38,00:04:20
176,42,Oliver Lowen,Joan Balle,"Oliver Lowen, Joan Balle",25-29,01:02:38,3758,62.63,Bilbao,2026,Doubles Men,00:04:27,00:03:54,00:04:14,00:01:30,00:04:32,00:02:52,00:04:21,00:02:17,00:04:32,00:04:08,00:04:29,00:01:13,00:04:32,00:03:11,00:04:36,00:03:53,00:04:05,00:35:40,00:04:14
177,61,David Ortega,Jorge Gomez,"David Ortega, Jorge Gomez",30-34,01:02:38,3758,62.63,Bilbao,2026,Doubles Men,00:04:32,00:03:53,00:04:10,00:01:48,00:04:19,00:03:01,00:04:13,00:02:32,00:04:10,00:04:26,00:04:12,00:01:23,00:04:12,00:03:04,00:04:17,00:04:15,00:04:19,00:34:01,00:04:10
178,62,Victor Sebastian Padros,Glen Preibisch Lecha,"Victor Sebastian Padros, Glen Preibisch Lecha",30-34,01:02:39,3759,62.65,Bilbao,2026,Doubles Men,00:04:45,00:03:46,00:04:22,00:01:56,00:04:19,00:02:36,00:04:18,00:02:14,00:04:24,00:04:12,00:04:29,00:01:14,00:04:24,00:03:06,00:04:26,00:03:45,00:04:31,00:35:23,00:04:18
179,22,Jonathan Rodríguez,José Maria Álvarez,"Jonathan Rodríguez, José Maria Álvarez",40-44,01:02:41,3761,62.68,Bilbao,2026,Doubles Men,00:04:12,00:03:54,00:04:06,00:02:18,00:04:15,00:03:02,00:04:10,00:03:16,00:04:06,00:03:59,00:04:03,00:01:37,00:04:02,00:03:14,00:04:07,00:03:59,00:04:29,00:32:56,00:04:02
180,43,Javan Robertson,Johnpaul Balloqui,"Javan Robertson, Johnpaul Balloqui",25-29,01:02:41,3761,62.68,Bilbao,2026,Doubles Men,00:04:24,00:04:03,00:03:58,00:02:05,00:04:13,00:03:35,00:03:58,00:02:31,00:04:10,00:04:28,00:04:05,00:01:44,00:04:03,00:02:51,00:04:08,00:03:44,00:04:50,00:32:56,00:03:58
181,63,Alejandro Ordovás Martín,Rubén Beltrán Maurel,"Alejandro Ordovás Martín, Rubén Beltrán Maurel",30-34,01:02:42,3762,62.7,Bilbao,2026,Doubles Men,00:04:02,00:03:50,00:03:59,00:01:54,00:04:24,00:02:45,00:04:30,00:02:25,00:04:39,00:04:03,00:04:28,00:01:25,00:04:41,00:03:21,00:04:21,00:03:40,00:04:24,00:35:01,00:03:59
182,64,Alex Fernández Aboitiz,Jon Garatea Zaballa,"Alex Fernández Aboitiz, Jon Garatea Zaballa",30-34,01:02:45,3765,62.75,Bilbao,2026,Doubles Men,00:04:34,00:04:09,00:04:04,00:01:38,00:04:04,00:02:46,00:04:06,00:03:08,00:04:10,00:04:15,00:04:01,00:02:00,00:03:57,00:03:11,00:04:00,00:04:04,00:04:47,00:32:52,00:03:57
183,34,Manuel Merlos Moreno,Jan Mistrot,"Manuel Merlos Moreno, Jan Mistrot",35-39,01:02:47,3767,62.78,Bilbao,2026,Doubles Men,00:04:08,00:03:55,00:04:06,00:01:55,00:04:20,00:02:49,00:04:27,00:02:24,00:04:39,00:04:11,00:04:22,00:01:19,00:04:30,00:02:47,00:04:16,00:03:56,00:04:54,00:34:44,00:04:06
184,65,Daniel Guillen Mendez,Cristian Cabrera Alayon,"Daniel Guillen Mendez, Cristian Cabrera Alayon",30-34,01:02:50,3770,62.83,Bilbao,2026,Doubles Men,00:04:26,00:03:59,00:04:04,00:01:39,00:04:21,00:03:10,00:04:24,00:02:13,00:04:23,00:04:16,00:04:15,00:01:11,00:04:26,00:03:04,00:04:15,00:04:14,00:04:39,00:34:29,00:04:04
185,3,Rick Whitehead,Ian Whillans,"Rick Whitehead, Ian Whillans",50-54,01:02:51,3771,62.85,Bilbao,2026,Doubles Men,00:04:20,00:03:57,00:04:00,00:01:44,00:04:21,00:02:41,00:04:15,00:02:29,00:04:19,00:04:16,00:04:24,00:01:20,00:04:19,00:03:10,00:04:20,00:04:08,00:04:56,00:34:14,00:04:00
186,44,Patxi Etchegaray,Xan Wagner Ballon,"Patxi Etchegaray, Xan Wagner Ballon",25-29,01:02:53,3773,62.88,Bilbao,2026,Doubles Men,00:04:04,00:03:49,00:04:02,00:01:51,00:04:25,00:03:29,00:04:19,00:02:30,00:04:14,00:04:09,00:04:11,00:01:29,00:04:10,00:02:45,00:04:17,00:04:04,00:05:14,00:33:37,00:04:02
187,66,Asier Ungidos González,Nacho Amón,"Asier Ungidos González, Nacho Amón",30-34,01:02:53,3773,62.88,Bilbao,2026,Doubles Men,00:04:53,00:03:39,00:04:24,00:01:45,00:04:33,00:02:37,00:04:32,00:01:54,00:04:35,00:03:59,00:04:31,00:01:08,00:04:27,00:02:57,00:04:48,00:03:42,00:04:37,00:36:40,00:04:24
188,67,Sergio Biendicho,Josep Ciscar,"Sergio Biendicho, Josep Ciscar",30-34,01:02:55,3775,62.92,Bilbao,2026,Doubles Men,00:04:18,00:03:52,00:04:07,00:01:45,00:04:11,00:03:28,00:04:09,00:02:29,00:04:24,00:04:19,00:04:24,00:01:20,00:04:17,00:03:03,00:04:15,00:04:08,00:04:34,00:34:01,00:04:07
189,35,Fernando Olañeta Grijalba,Alejandro Olañeta Grijalba,"Fernando Olañeta Grijalba, Alejandro Olañeta Grijalba",35-39,01:02:57,3777,62.95,Bilbao,2026,Doubles Men,00:04:30,00:03:43,00:04:24,00:01:20,00:04:58,00:02:57,00:04:38,00:02:13,00:04:44,00:03:57,00:04:34,00:01:26,00:04:27,00:02:28,00:04:30,00:03:43,00:04:34,00:36:41,00:04:24
190,23,Jesús Ruiz Brito,Andrés García Carrasco,"Jesús Ruiz Brito, Andrés García Carrasco",40-44,01:02:57,3777,62.95,Bilbao,2026,Doubles Men,00:04:13,00:03:47,00:03:56,00:01:46,00:04:07,00:03:20,00:04:15,00:02:50,00:04:15,00:04:18,00:04:26,00:01:15,00:04:19,00:03:20,00:04:17,00:04:27,00:04:13,00:33:45,00:03:56
191,36,Ruben Fuentes Gutiérrez,Eduardo Manuel Álvarez Plaza,"Ruben Fuentes Gutiérrez, Eduardo Manuel Álvarez Plaza",35-39,01:03:00,3780,63.0,Bilbao,2026,Doubles Men,00:04:17,00:03:54,00:04:12,00:01:56,00:04:19,00:02:49,00:04:19,00:02:26,00:04:27,00:04:21,00:04:15,00:01:19,00:04:15,00:02:46,00:04:18,00:04:12,00:05:02,00:34:19,00:04:12
192,24,Cyril Rolland,Sébastien Duffau,"Cyril Rolland, Sébastien Duffau",40-44,01:03:00,3780,63.0,Bilbao,2026,Doubles Men,00:04:17,00:03:40,00:04:09,00:01:58,00:04:27,00:03:09,00:04:22,00:02:54,00:04:21,00:04:05,00:04:19,00:01:32,00:04:18,00:02:59,00:04:24,00:03:56,00:04:17,00:34:33,00:04:09
193,45,George Archibald,Adam Long,"George Archibald, Adam Long",25-29,01:03:05,3785,63.08,Bilbao,2026,Doubles Men,00:04:21,00:03:52,00:04:08,00:01:44,00:04:21,00:02:50,00:04:15,00:02:42,00:04:26,00:04:23,00:04:19,00:01:20,00:04:22,00:03:35,00:04:23,00:03:52,00:04:21,00:34:31,00:04:08
194,46,Jordan Apers,Kylian Sarthou,"Jordan Apers, Kylian Sarthou",25-29,01:03:05,3785,63.08,Bilbao,2026,Doubles Men,00:04:37,00:03:54,00:04:18,00:01:51,00:04:18,00:02:49,00:04:19,00:02:59,00:04:37,00:04:07,00:04:16,00:01:09,00:04:27,00:02:42,00:04:35,00:03:51,00:04:24,00:35:25,00:04:16
195,4,Juan Martin Coppel,José Carlos Fernández Cortés,"Juan Martin Coppel, José Carlos Fernández Cortés",50-54,01:03:06,3786,63.1,Bilbao,2026,Doubles Men,00:04:27,00:04:01,00:04:02,00:02:07,00:04:00,00:03:14,00:04:15,00:02:30,00:04:10,00:04:19,00:04:05,00:01:29,00:03:55,00:03:34,00:04:23,00:04:03,00:04:39,00:33:14,00:03:55
196,7,Julien Beringuie,Stephane Zocca,"Julien Beringuie, Stephane Zocca",45-49,01:03:06,3786,63.1,Bilbao,2026,Doubles Men,00:03:51,00:04:01,00:03:41,00:01:43,00:03:53,00:03:18,00:03:58,00:03:21,00:04:00,00:04:27,00:03:57,00:01:26,00:04:03,00:04:08,00:04:17,00:04:51,00:04:18,00:31:37,00:03:41
197,68,Simon Parras Suarez,Ander Recarte Picabea,"Simon Parras Suarez, Ander Recarte Picabea",30-34,01:03:06,3786,63.1,Bilbao,2026,Doubles Men,00:04:00,00:03:51,00:04:00,00:02:20,00:04:18,00:03:08,00:04:22,00:02:39,00:04:38,00:03:59,00:04:32,00:01:32,00:04:34,00:02:49,00:04:29,00:03:42,00:04:22,00:34:49,00:04:00
198,69,Juan Diego Herrera Maya,Pedro Mayoral Romero,"Juan Diego Herrera Maya, Pedro Mayoral Romero",30-34,01:03:08,3788,63.13,Bilbao,2026,Doubles Men,00:04:12,00:03:54,00:04:15,00:01:49,00:04:31,00:03:15,00:04:03,00:02:26,00:04:21,00:04:20,00:04:20,00:01:24,00:04:22,00:03:26,00:04:25,00:03:38,00:04:34,00:34:26,00:04:03
199,47,Albert Barceló,Miquel Pujol,"Albert Barceló, Miquel Pujol",25-29,01:03:10,3790,63.17,Bilbao,2026,Doubles Men,00:04:28,00:04:00,00:04:20,00:01:40,00:04:31,00:03:01,00:04:49,00:02:22,00:04:35,00:04:10,00:04:27,00:01:23,00:04:12,00:02:41,00:04:13,00:04:04,00:04:22,00:35:31,00:04:12
200,48,Luís Faria,Eduardo Jardim,"Luís Faria, Eduardo Jardim",25-29,01:03:12,3792,63.2,Bilbao,2026,Doubles Men,00:04:03,00:03:46,00:04:04,00:01:31,00:05:20,00:03:29,00:04:37,00:02:04,00:04:38,00:03:51,00:04:23,00:01:16,00:04:32,00:02:29,00:04:46,00:04:10,00:04:23,00:36:18,00:04:04
201,70,David Alquegui Cano,Guillermo Sainz San Emeterio,"David Alquegui Cano, Guillermo Sainz San Emeterio",30-34,01:03:13,3793,63.22,Bilbao,2026,Doubles Men,00:04:30,00:04:04,00:04:03,00:02:05,00:04:11,00:03:33,00:04:08,00:02:52,00:04:09,00:04:06,00:04:16,00:01:37,00:04:11,00:03:07,00:04:15,00:03:52,00:04:23,00:33:39,00:04:03
202,49,Wilmar Ramírez,Alex Saenz De Arzamendi,"Wilmar Ramírez, Alex Saenz De Arzamendi",25-29,01:03:14,3794,63.23,Bilbao,2026,Doubles Men,00:04:22,00:03:50,00:03:58,00:02:01,00:04:17,00:02:32,00:04:23,00:02:27,00:04:45,00:04:17,00:04:33,00:01:26,00:04:30,00:03:04,00:04:25,00:03:32,00:05:03,00:35:09,00:03:58
203,50,Diego López Pizarro,Nicolas Fernandez Perera,"Diego López Pizarro, Nicolas Fernandez Perera",25-29,01:03:17,3797,63.28,Bilbao,2026,Doubles Men,00:04:38,00:03:50,00:04:22,00:01:34,00:04:16,00:03:07,00:04:20,00:02:36,00:04:37,00:04:02,00:04:21,00:01:27,00:04:25,00:02:57,00:04:23,00:03:44,00:04:46,00:35:18,00:04:16
204,37,Jaume Casals,Jordi Berrocal,"Jaume Casals, Jordi Berrocal",35-39,01:03:17,3797,63.28,Bilbao,2026,Doubles Men,00:03:59,00:03:56,00:03:54,00:02:30,00:04:06,00:03:08,00:04:12,00:02:36,00:04:26,00:04:28,00:04:26,00:01:33,00:04:33,00:02:58,00:04:34,00:03:44,00:04:23,00:34:05,00:03:54
205,51,Jon Arrizabalaga,Mikel Lopez De Lacalle Hernandez,"Jon Arrizabalaga, Mikel Lopez De Lacalle Hernandez",25-29,01:03:17,3797,63.28,Bilbao,2026,Doubles Men,00:04:38,00:03:54,00:04:12,00:01:31,00:04:29,00:03:11,00:04:27,00:02:32,00:04:31,00:04:00,00:04:38,00:01:25,00:04:28,00:02:54,00:04:37,00:03:22,00:04:35,00:35:58,00:04:12
206,38,Odizeus Huerta,Antonio Peña Herrera,"Odizeus Huerta, Antonio Peña Herrera",35-39,01:03:19,3799,63.32,Bilbao,2026,Doubles Men,00:04:27,00:04:05,00:04:03,00:01:43,00:04:10,00:03:16,00:04:06,00:02:48,00:04:22,00:04:33,00:04:21,00:01:27,00:04:16,00:03:14,00:04:14,00:03:34,00:04:47,00:33:56,00:04:03
207,71,Riccardo Cocco,Jordan Christopher,"Riccardo Cocco, Jordan Christopher",30-34,01:03:20,3800,63.33,Bilbao,2026,Doubles Men,00:04:18,00:03:34,00:03:50,00:02:05,00:04:07,00:03:02,00:04:19,00:03:08,00:04:23,00:04:04,00:04:25,00:01:23,00:04:22,00:03:14,00:04:35,00:04:10,00:04:26,00:34:17,00:03:50
208,52,Juan Manuel Rivero Falero,Nahuel Accorinti,"Juan Manuel Rivero Falero, Nahuel Accorinti",25-29,01:03:20,3800,63.33,Bilbao,2026,Doubles Men,00:04:04,00:03:50,00:03:50,00:01:51,00:04:15,00:03:04,00:04:16,00:02:29,00:04:30,00:04:18,00:04:21,00:01:21,00:04:24,00:02:59,00:04:44,00:04:30,00:04:39,00:34:22,00:03:50
209,39,Isaac Fernandez,Jon Ander Cotano,"Isaac Fernandez, Jon Ander Cotano",35-39,01:03:21,3801,63.35,Bilbao,2026,Doubles Men,00:04:43,00:03:48,00:04:29,00:01:47,00:04:33,00:02:46,00:04:33,00:02:01,00:04:35,00:04:09,00:04:32,00:01:29,00:04:30,00:03:01,00:04:33,00:03:33,00:04:29,00:36:24,00:04:29
210,40,Lambert Trebucq,Anthony Cospin,"Lambert Trebucq, Anthony Cospin",35-39,01:03:24,3804,63.4,Bilbao,2026,Doubles Men,00:04:06,00:04:04,00:03:58,00:01:39,00:04:23,00:02:43,00:04:44,00:02:41,00:04:39,00:04:11,00:04:20,00:01:18,00:04:39,00:02:49,00:04:41,00:03:44,00:04:54,00:35:25,00:03:58
211,53,Jorge Ventura,Pablo Diego,"Jorge Ventura, Pablo Diego",25-29,01:03:24,3804,63.4,Bilbao,2026,Doubles Men,00:04:31,00:03:58,00:04:13,00:01:42,00:04:22,00:03:06,00:04:26,00:02:05,00:04:33,00:04:15,00:04:38,00:01:22,00:04:31,00:02:44,00:04:40,00:03:52,00:04:35,00:35:50,00:04:13
212,72,Jon Corroza Laviñeta,Jaime Viedma Zabal,"Jon Corroza Laviñeta, Jaime Viedma Zabal",30-34,01:03:30,3810,63.5,Bilbao,2026,Doubles Men,00:04:49,00:03:50,00:04:30,00:01:26,00:04:37,00:02:52,00:04:37,00:02:19,00:04:43,00:03:53,00:04:35,00:01:19,00:04:36,00:02:56,00:04:34,00:03:34,00:04:28,00:36:57,00:04:30
213,73,Nacho Moro,Mikel Irizar,"Nacho Moro, Mikel Irizar",30-34,01:03:30,3810,63.5,Bilbao,2026,Doubles Men,00:04:20,00:03:54,00:04:10,00:01:24,00:04:35,00:02:41,00:04:37,00:02:38,00:04:40,00:04:15,00:04:36,00:01:19,00:04:28,00:03:05,00:04:39,00:03:38,00:04:39,00:36:01,00:04:10
214,54,David Fernández,Israel Fernández Espinosa,"David Fernández, Israel Fernández Espinosa",25-29,01:03:31,3811,63.52,Bilbao,2026,Doubles Men,00:04:15,00:03:59,00:03:56,00:01:54,00:04:04,00:03:38,00:04:00,00:03:12,00:04:02,00:04:45,00:04:00,00:01:43,00:03:59,00:03:47,00:04:05,00:03:45,00:04:36,00:32:16,00:03:56
215,74,Mathias Meunier,Thomas Rochard,"Mathias Meunier, Thomas Rochard",30-34,01:03:31,3811,63.52,Bilbao,2026,Doubles Men,00:04:31,00:03:50,00:04:05,00:01:48,00:04:24,00:03:01,00:04:20,00:02:19,00:04:25,00:04:06,00:04:20,00:01:39,00:04:26,00:03:21,00:04:21,00:04:01,00:04:41,00:34:49,00:04:05
216,75,Aitor Torregrosa,Xabier Goldaraz,"Aitor Torregrosa, Xabier Goldaraz",30-34,01:03:36,3816,63.6,Bilbao,2026,Doubles Men,00:04:02,00:03:48,00:04:01,00:01:44,00:04:44,00:03:20,00:04:24,00:02:05,00:04:32,00:04:23,00:04:11,00:01:23,00:04:25,00:03:20,00:04:25,00:04:01,00:04:59,00:34:39,00:04:01
217,76,Hugo Guerrero,Pablo Amigo,"Hugo Guerrero, Pablo Amigo",30-34,01:03:37,3817,63.62,Bilbao,2026,Doubles Men,00:04:23,00:03:51,00:04:13,00:01:57,00:04:47,00:02:50,00:04:42,00:02:17,00:04:30,00:03:53,00:04:45,00:01:20,00:05:00,00:02:45,00:04:29,00:03:33,00:04:31,00:36:46,00:04:13
218,55,Jorge Tello,Adrián Albarracín,"Jorge Tello, Adrián Albarracín",25-29,01:03:39,3819,63.65,Bilbao,2026,Doubles Men,00:05:07,00:04:07,00:04:24,00:01:55,00:04:27,00:02:53,00:04:18,00:02:32,00:04:14,00:04:03,00:04:20,00:01:25,00:04:18,00:03:03,00:04:22,00:03:54,00:04:25,00:35:27,00:04:14
219,41,Diego Ruiz,Javi Cos,"Diego Ruiz, Javi Cos",35-39,01:03:40,3820,63.67,Bilbao,2026,Doubles Men,00:04:31,00:03:58,00:04:14,00:01:45,00:04:27,00:03:22,00:04:22,00:02:12,00:04:23,00:04:12,00:04:33,00:01:43,00:04:22,00:03:19,00:04:23,00:03:42,00:04:20,00:35:12,00:04:14
220,25,Andrés Arrieta,Txema Añibarro,"Andrés Arrieta, Txema Añibarro",40-44,01:03:40,3820,63.67,Bilbao,2026,Doubles Men,00:04:07,00:03:50,00:04:10,00:01:45,00:04:20,00:03:00,00:04:31,00:02:51,00:04:45,00:04:04,00:04:28,00:01:27,00:04:32,00:02:56,00:04:42,00:03:28,00:04:52,00:35:31,00:04:10
221,13,Jaime García Rubio,Lucas Armañac Rodrigo,"Jaime García Rubio, Lucas Armañac Rodrigo",16-24,01:03:43,3823,63.72,Bilbao,2026,Doubles Men,00:04:43,00:03:48,00:04:20,00:01:35,00:04:32,00:02:58,00:04:44,00:02:11,00:05:02,00:04:07,00:04:42,00:01:25,00:04:35,00:02:37,00:04:29,00:03:18,00:04:45,00:37:03,00:04:20
222,77,Alexandru Ionut,Andrew Freire,"Alexandru Ionut, Andrew Freire",30-34,01:03:50,3830,63.83,Bilbao,2026,Doubles Men,00:04:34,00:03:45,00:04:15,00:01:30,00:04:36,00:02:53,00:04:30,00:02:43,00:04:35,00:04:11,00:04:30,00:01:34,00:04:26,00:03:20,00:04:22,00:03:51,00:04:22,00:35:45,00:04:15
223,78,Carlos Cortés,Carlos Úbeda,"Carlos Cortés, Carlos Úbeda",30-34,01:04:00,3840,64.0,Bilbao,2026,Doubles Men,00:04:14,00:03:54,00:04:12,00:01:52,00:04:22,00:03:35,00:04:14,00:02:31,00:04:25,00:04:05,00:04:33,00:01:22,00:04:29,00:03:15,00:04:20,00:03:44,00:05:00,00:34:46,00:04:12
224,5,Jose Miguel Romero Ramos,Sergio Sanchez Alvarez,"Jose Miguel Romero Ramos, Sergio Sanchez Alvarez",50-54,01:04:01,3841,64.02,Bilbao,2026,Doubles Men,00:04:23,00:03:56,00:04:02,00:01:54,00:04:12,00:03:36,00:04:14,00:03:15,00:04:16,00:04:12,00:04:16,00:01:44,00:04:08,00:03:07,00:04:16,00:03:47,00:04:49,00:33:45,00:04:02
225,79,Victor Manuel Garcia Guerra,Ivan Llabres Bibiloni,"Victor Manuel Garcia Guerra, Ivan Llabres Bibiloni",30-34,01:04:03,3843,64.05,Bilbao,2026,Doubles Men,00:04:02,00:04:01,00:03:51,00:02:05,00:04:21,00:03:33,00:04:21,00:02:52,00:04:25,00:04:43,00:04:12,00:01:40,00:04:17,00:03:26,00:04:19,00:03:45,00:04:18,00:33:44,00:03:51
226,80,Jorge Guillen,Fernando Guillen,"Jorge Guillen, Fernando Guillen",30-34,01:04:06,3846,64.1,Bilbao,2026,Doubles Men,00:04:22,00:03:58,00:04:14,00:01:38,00:04:29,00:03:24,00:04:24,00:02:52,00:04:29,00:04:27,00:04:26,00:01:12,00:04:35,00:02:55,00:04:37,00:03:39,00:04:32,00:35:32,00:04:14
227,81,Alvaro De La Fuente,Jorge Rubio,"Alvaro De La Fuente, Jorge Rubio",30-34,01:04:09,3849,64.15,Bilbao,2026,Doubles Men,00:04:50,00:03:59,00:04:26,00:02:02,00:04:35,00:03:27,00:04:29,00:02:11,00:04:36,00:04:23,00:04:23,00:01:16,00:04:27,00:03:14,00:04:11,00:03:53,00:03:56,00:35:54,00:04:11
228,82,Aitor Avedillo,Iraitz Avedillo,"Aitor Avedillo, Iraitz Avedillo",30-34,01:04:11,3851,64.18,Bilbao,2026,Doubles Men,00:04:33,00:03:39,00:04:27,00:01:45,00:04:44,00:02:38,00:04:32,00:02:19,00:04:46,00:03:57,00:04:44,00:01:19,00:04:40,00:02:51,00:04:41,00:04:05,00:04:38,00:37:04,00:04:27
229,26,Hugo Baptista,Ricardo Fernandes,"Hugo Baptista, Ricardo Fernandes",40-44,01:04:11,3851,64.18,Bilbao,2026,Doubles Men,00:04:23,00:03:46,00:04:20,00:01:50,00:04:29,00:03:00,00:04:29,00:02:32,00:04:29,00:04:03,00:04:34,00:01:26,00:04:27,00:02:58,00:04:28,00:03:55,00:05:07,00:35:36,00:04:20
230,14,Nathan Barlet,Sacha Duprat,"Nathan Barlet, Sacha Duprat",16-24,01:04:12,3852,64.2,Bilbao,2026,Doubles Men,00:04:13,00:04:09,00:04:00,00:01:31,00:04:16,00:03:08,00:04:10,00:02:17,00:04:30,00:04:31,00:04:16,00:01:38,00:04:16,00:03:11,00:04:05,00:05:11,00:04:57,00:33:42,00:04:00
231,83,Kriss Hemming,Alex Burness,"Kriss Hemming, Alex Burness",30-34,01:04:13,3853,64.22,Bilbao,2026,Doubles Men,00:04:41,00:03:40,00:04:31,00:01:29,00:04:37,00:02:20,00:04:39,00:02:44,00:04:46,00:04:11,00:04:47,00:01:27,00:04:40,00:02:51,00:04:40,00:04:00,00:04:18,00:37:17,00:04:31
232,84,Toni Font,Marc Reina,"Toni Font, Marc Reina",30-34,01:04:15,3855,64.25,Bilbao,2026,Doubles Men,00:04:44,00:03:56,00:04:23,00:01:25,00:04:28,00:02:26,00:04:25,00:03:04,00:04:21,00:04:12,00:04:22,00:01:28,00:04:24,00:03:18,00:04:25,00:03:47,00:05:17,00:35:28,00:04:21
233,42,Salvador Nadal Sanpascual,Regino Arenas Segui,"Salvador Nadal Sanpascual, Regino Arenas Segui",35-39,01:04:17,3857,64.28,Bilbao,2026,Doubles Men,00:04:30,00:04:15,00:04:08,00:01:38,00:04:11,00:02:35,00:04:15,00:03:08,00:04:18,00:04:15,00:04:17,00:01:26,00:04:05,00:03:20,00:04:14,00:04:23,00:05:27,00:33:55,00:04:05
234,15,Yeray Molina,Mikel Duran,"Yeray Molina, Mikel Duran",16-24,01:04:18,3858,64.3,Bilbao,2026,Doubles Men,00:04:21,00:04:04,00:04:19,00:02:00,00:04:31,00:03:13,00:04:29,00:03:08,00:04:28,00:04:13,00:04:18,00:01:17,00:04:16,00:03:01,00:04:42,00:03:31,00:04:35,00:35:20,00:04:16
235,56,Antoine Rambaud,François Contour Carrere,"Antoine Rambaud, François Contour Carrere",25-29,01:04:18,3858,64.3,Bilbao,2026,Doubles Men,00:05:01,00:04:08,00:04:15,00:01:59,00:04:15,00:03:17,00:04:06,00:02:24,00:04:12,00:04:47,00:04:07,00:01:26,00:04:20,00:03:29,00:04:08,00:03:44,00:04:49,00:34:20,00:04:06
236,27,Víctor Medina,Roberto Ortiz,"Víctor Medina, Roberto Ortiz",40-44,01:04:19,3859,64.32,Bilbao,2026,Doubles Men,00:04:44,00:03:59,00:04:14,00:01:37,00:04:30,00:03:15,00:04:41,00:02:29,00:04:35,00:04:07,00:04:25,00:01:26,00:04:27,00:03:11,00:04:19,00:04:11,00:04:16,00:35:52,00:04:14
237,57,Victor Garcia,Mario Ambrona,"Victor Garcia, Mario Ambrona",25-29,01:04:21,3861,64.35,Bilbao,2026,Doubles Men,00:04:18,00:03:41,00:03:57,00:01:39,00:04:18,00:02:29,00:04:21,00:02:46,00:04:34,00:04:35,00:04:31,00:01:20,00:04:29,00:03:12,00:04:47,00:04:07,00:05:23,00:35:12,00:03:57
238,58,Vittorio Rossi,Andrea Ventura,"Vittorio Rossi, Andrea Ventura",25-29,01:04:24,3864,64.4,Bilbao,2026,Doubles Men,00:04:05,00:03:59,00:04:16,00:01:33,00:04:47,00:03:31,00:04:47,00:02:02,00:04:52,00:04:10,00:04:29,00:01:09,00:04:20,00:02:58,00:04:09,00:04:27,00:04:58,00:35:40,00:04:09
239,16,Sid Williamson,Christopher Martin,"Sid Williamson, Christopher Martin",16-24,01:04:25,3865,64.42,Bilbao,2026,Doubles Men,00:04:16,00:03:52,00:03:59,00:02:03,00:04:26,00:02:32,00:04:37,00:02:32,00:04:38,00:04:30,00:04:10,00:01:43,00:04:11,00:03:04,00:04:24,00:03:55,00:05:42,00:34:37,00:03:59
240,43,Unai Cossio,Iñigo Duroudier,"Unai Cossio, Iñigo Duroudier",35-39,01:04:28,3868,64.47,Bilbao,2026,Doubles Men,00:04:18,00:03:43,00:04:15,00:01:40,00:04:46,00:03:04,00:04:40,00:02:13,00:04:49,00:04:06,00:04:36,00:01:25,00:04:33,00:02:56,00:04:54,00:03:44,00:04:50,00:36:49,00:04:15
241,28,Michael Sequeira,Cedric Lembezat,"Michael Sequeira, Cedric Lembezat",40-44,01:04:30,3870,64.5,Bilbao,2026,Doubles Men,00:04:04,00:03:38,00:04:15,00:01:55,00:04:54,00:02:39,00:04:30,00:02:18,00:04:56,00:04:00,00:05:02,00:01:13,00:04:44,00:03:01,00:04:41,00:03:31,00:05:15,00:37:03,00:04:15
242,8,Miguel Herrero,Thomas Ogunleye,"Miguel Herrero, Thomas Ogunleye",45-49,01:04:30,3870,64.5,Bilbao,2026,Doubles Men,00:04:10,00:03:39,00:04:02,00:02:17,00:04:21,00:03:13,00:04:24,00:02:35,00:04:18,00:04:10,00:04:26,00:01:31,00:04:28,00:03:01,00:04:39,00:04:07,00:05:15,00:34:45,00:04:02
243,29,Daniel Townsend,Ryan Thornborough,"Daniel Townsend, Ryan Thornborough",40-44,01:04:31,3871,64.52,Bilbao,2026,Doubles Men,00:04:26,00:03:49,00:04:11,00:02:04,00:04:32,00:03:11,00:04:28,00:03:05,00:04:27,00:04:07,00:04:32,00:01:33,00:04:32,00:02:56,00:04:43,00:03:34,00:04:27,00:35:49,00:04:11
244,59,Miquel Costa Mulet,Iñaki Petricorena,"Miquel Costa Mulet, Iñaki Petricorena",25-29,01:04:32,3872,64.53,Bilbao,2026,Doubles Men,00:04:22,00:04:00,00:04:21,00:02:13,00:04:33,00:02:38,00:04:35,00:02:34,00:04:29,00:04:06,00:04:21,00:01:34,00:04:25,00:03:08,00:04:16,00:03:58,00:05:06,00:35:18,00:04:16
245,85,Corentin Bougaret,Mickaël Connan,"Corentin Bougaret, Mickaël Connan",30-34,01:04:34,3874,64.57,Bilbao,2026,Doubles Men,00:04:24,00:04:06,00:04:13,00:01:40,00:04:23,00:03:06,00:04:22,00:02:44,00:04:19,00:04:24,00:04:24,00:01:20,00:04:38,00:02:57,00:04:26,00:04:47,00:04:27,00:35:06,00:04:13
246,86,Nicolás Sánchez Rubio,Marcos Sánchez Rubio,"Nicolás Sánchez Rubio, Marcos Sánchez Rubio",30-34,01:04:36,3876,64.6,Bilbao,2026,Doubles Men,00:04:34,00:03:52,00:04:23,00:01:34,00:04:39,00:03:03,00:04:36,00:02:18,00:04:46,00:04:12,00:04:56,00:01:23,00:04:40,00:02:53,00:04:32,00:03:48,00:04:35,00:37:03,00:04:23
247,87,Jesús Mantas,Juan Miguel Rodríguez,"Jesús Mantas, Juan Miguel Rodríguez",30-34,01:04:44,3884,64.73,Bilbao,2026,Doubles Men,00:04:12,00:03:55,00:04:10,00:01:36,00:04:33,00:03:34,00:04:26,00:03:08,00:04:30,00:04:16,00:04:25,00:01:15,00:04:22,00:02:51,00:04:25,00:03:46,00:05:28,00:35:01,00:04:10
248,60,Eacan Westwood,Josh Read,"Eacan Westwood, Josh Read",25-29,01:04:56,3896,64.93,Bilbao,2026,Doubles Men,00:04:30,00:03:34,00:04:12,00:01:41,00:04:30,00:03:23,00:04:30,00:02:28,00:04:42,00:04:18,00:04:32,00:01:27,00:04:19,00:03:21,00:04:38,00:04:17,00:04:40,00:35:49,00:04:12
249,88,Marc Serrano Pujol,Diego Pereira Bola,"Marc Serrano Pujol, Diego Pereira Bola",30-34,01:04:57,3897,64.95,Bilbao,2026,Doubles Men,00:05:11,00:03:43,00:04:33,00:01:25,00:04:49,00:02:17,00:04:52,00:03:00,00:04:54,00:04:04,00:04:45,00:01:19,00:04:54,00:02:37,00:04:35,00:03:39,00:04:27,00:38:29,00:04:33
250,89,João Mendonça,Renato Madeira,"João Mendonça, Renato Madeira",30-34,01:04:59,3899,64.98,Bilbao,2026,Doubles Men,00:04:04,00:03:50,00:03:55,00:02:11,00:04:10,00:03:57,00:04:11,00:03:13,00:04:12,00:04:08,00:04:12,00:01:46,00:04:08,00:03:41,00:04:13,00:04:21,00:04:55,00:33:02,00:03:55
251,44,Sergio Martínez Such,Israel Carbonell Palmer,"Sergio Martínez Such, Israel Carbonell Palmer",35-39,01:05:00,3900,65.0,Bilbao,2026,Doubles Men,00:04:26,00:03:50,00:04:18,00:01:33,00:04:38,00:03:24,00:04:35,00:02:19,00:04:42,00:04:23,00:04:28,00:01:54,00:04:29,00:02:55,00:04:36,00:03:55,00:04:42,00:36:10,00:04:18
252,90,Jose Miguel Ramos,Mario Martínez,"Jose Miguel Ramos, Mario Martínez",30-34,01:05:04,3904,65.07,Bilbao,2026,Doubles Men,00:04:54,00:03:58,00:04:21,00:01:42,00:04:27,00:02:58,00:04:50,00:02:13,00:04:46,00:04:11,00:04:29,00:01:24,00:04:23,00:03:00,00:04:48,00:03:41,00:05:06,00:36:56,00:04:21
253,45,Ruben Rogel,Miguel Ferriol,"Ruben Rogel, Miguel Ferriol",35-39,01:05:05,3905,65.08,Bilbao,2026,Doubles Men,00:04:04,00:03:43,00:04:00,00:01:45,00:05:29,00:02:55,00:04:32,00:02:44,00:04:34,00:04:09,00:04:32,00:01:31,00:04:45,00:03:18,00:04:29,00:04:13,00:04:29,00:36:22,00:04:00
254,17,Ander Higon,Jon Ander Bueno,"Ander Higon, Jon Ander Bueno",16-24,01:05:12,3912,65.2,Bilbao,2026,Doubles Men,00:05:07,00:03:51,00:04:34,00:01:31,00:04:39,00:02:55,00:04:33,00:02:23,00:04:42,00:04:00,00:04:45,00:01:25,00:04:47,00:03:13,00:04:38,00:03:34,00:04:43,00:37:42,00:04:33
255,91,Kristian Hernan,Jose Carlos Oliva,"Kristian Hernan, Jose Carlos Oliva",30-34,01:05:15,3915,65.25,Bilbao,2026,Doubles Men,00:05:01,00:03:56,00:04:29,00:01:36,00:04:32,00:03:15,00:04:41,00:02:18,00:04:40,00:04:21,00:04:15,00:01:13,00:04:43,00:02:55,00:04:20,00:03:58,00:05:10,00:36:37,00:04:15
256,61,Nicolás Duñabeitia,Adrián Esteban,"Nicolás Duñabeitia, Adrián Esteban",25-29,01:05:15,3915,65.25,Bilbao,2026,Doubles Men,00:04:50,00:03:55,00:04:33,00:01:56,00:04:46,00:03:06,00:04:52,00:02:06,00:04:55,00:04:05,00:04:35,00:01:19,00:04:38,00:02:49,00:04:23,00:03:43,00:04:52,00:37:29,00:04:23
257,46,Jose Luis Bedia,Miguel Dominguez Dominguez,"Jose Luis Bedia, Miguel Dominguez Dominguez",35-39,01:05:17,3917,65.28,Bilbao,2026,Doubles Men,00:04:31,00:03:53,00:04:14,00:02:07,00:04:18,00:03:10,00:04:27,00:02:29,00:04:37,00:04:28,00:04:36,00:01:29,00:04:42,00:02:30,00:04:42,00:03:50,00:05:21,00:36:03,00:04:14
258,92,Diego Coimbra Rebolledo,Víctor Manuel Capón Álvarez,"Diego Coimbra Rebolledo, Víctor Manuel Capón Álvarez",30-34,01:05:19,3919,65.32,Bilbao,2026,Doubles Men,00:04:45,00:03:57,00:04:37,00:01:40,00:04:55,00:02:36,00:04:54,00:01:51,00:04:57,00:04:06,00:04:58,00:01:01,00:05:10,00:02:27,00:04:41,00:03:58,00:04:53,00:38:54,00:04:37
259,30,Roberto Prieto Garcia,Alberto Marcote Fraga,"Roberto Prieto Garcia, Alberto Marcote Fraga",40-44,01:05:20,3920,65.33,Bilbao,2026,Doubles Men,00:04:29,00:03:44,00:04:14,00:01:16,00:04:51,00:02:00,00:04:46,00:02:33,00:04:50,00:04:08,00:04:48,00:01:16,00:04:43,00:03:26,00:04:23,00:04:12,00:05:50,00:37:00,00:04:14
260,93,Ricardo Garcia,Angel Benito,"Ricardo Garcia, Angel Benito",30-34,01:05:20,3920,65.33,Bilbao,2026,Doubles Men,00:04:43,00:03:47,00:04:11,00:01:53,00:04:36,00:03:47,00:04:29,00:02:19,00:04:45,00:04:04,00:04:22,00:01:18,00:04:16,00:03:17,00:04:30,00:03:47,00:05:25,00:35:49,00:04:11
261,94,Juan Orellana,Mario Lara,"Juan Orellana, Mario Lara",30-34,01:05:22,3922,65.37,Bilbao,2026,Doubles Men,00:04:53,00:03:52,00:04:29,00:01:38,00:04:38,00:03:06,00:04:35,00:02:21,00:04:43,00:04:01,00:04:38,00:01:23,00:04:44,00:02:47,00:04:40,00:04:09,00:04:52,00:37:16,00:04:29
262,47,Jorge Ascanio,Nauzet Almeida,"Jorge Ascanio, Nauzet Almeida",35-39,01:05:22,3922,65.37,Bilbao,2026,Doubles Men,00:04:58,00:03:56,00:04:38,00:01:44,00:04:48,00:02:43,00:04:43,00:02:59,00:04:32,00:03:59,00:04:35,00:01:20,00:04:26,00:03:12,00:04:23,00:04:03,00:04:31,00:37:00,00:04:23
263,95,Jérémy Photin,Michael Drilhole,"Jérémy Photin, Michael Drilhole",30-34,01:05:24,3924,65.4,Bilbao,2026,Doubles Men,00:04:24,00:03:48,00:04:03,00:01:50,00:04:17,00:03:12,00:04:18,00:03:31,00:04:13,00:04:09,00:04:10,00:01:32,00:04:10,00:03:39,00:04:21,00:03:41,00:06:13,00:33:54,00:04:03
264,9,Beñat Mendiguren,Javier Rodríguez,"Beñat Mendiguren, Javier Rodríguez",45-49,01:05:24,3924,65.4,Bilbao,2026,Doubles Men,00:04:04,00:04:00,00:03:46,00:01:54,00:03:54,00:04:37,00:03:49,00:03:44,00:04:23,00:04:22,00:04:09,00:01:20,00:04:04,00:04:08,00:03:55,00:04:47,00:04:35,00:32:00,00:03:46
265,62,Ruben Martinez,Gabriel Seco,"Ruben Martinez, Gabriel Seco",25-29,01:05:25,3925,65.42,Bilbao,2026,Doubles Men,00:04:22,00:04:04,00:04:06,00:01:59,00:04:44,00:03:35,00:04:25,00:02:39,00:04:14,00:04:23,00:04:15,00:01:31,00:04:16,00:03:06,00:04:23,00:04:00,00:05:31,00:34:41,00:04:06
266,31,Ruben Alonso,Eder Vidal,"Ruben Alonso, Eder Vidal",40-44,01:05:27,3927,65.45,Bilbao,2026,Doubles Men,00:03:48,00:03:57,00:03:44,00:01:52,00:04:04,00:03:29,00:04:13,00:02:10,00:04:18,00:04:49,00:04:27,00:03:39,00:04:04,00:03:29,00:04:06,00:04:30,00:04:56,00:32:42,00:03:44
267,96,Aitor Chousa,Unai Martínez De Lizarrondo,"Aitor Chousa, Unai Martínez De Lizarrondo",30-34,01:05:27,3927,65.45,Bilbao,2026,Doubles Men,00:04:38,00:03:46,00:04:20,00:01:44,00:04:31,00:02:48,00:04:30,00:02:23,00:04:34,00:04:15,00:04:49,00:01:11,00:04:35,00:03:03,00:04:24,00:04:21,00:05:43,00:36:18,00:04:20
268,18,Miguel Santos,Francisco Cymbron,"Miguel Santos, Francisco Cymbron",16-24,01:05:28,3928,65.47,Bilbao,2026,Doubles Men,00:06:09,00:04:19,00:04:14,00:01:41,00:04:23,00:03:03,00:04:08,00:02:44,00:04:26,00:04:22,00:04:15,00:01:13,00:04:18,00:02:47,00:04:24,00:03:55,00:05:13,00:36:14,00:04:08
269,63,Jaime Molina,Javier Llamazares,"Jaime Molina, Javier Llamazares",25-29,01:05:31,3931,65.52,Bilbao,2026,Doubles Men,00:04:45,00:03:51,00:04:45,00:01:40,00:04:45,00:03:04,00:04:35,00:01:58,00:05:00,00:04:13,00:04:59,00:01:19,00:04:40,00:02:40,00:04:51,00:03:26,00:05:07,00:38:17,00:04:35
270,64,Yanis Cuingnet,Alexis Reubrecht,"Yanis Cuingnet, Alexis Reubrecht",25-29,01:05:34,3934,65.57,Bilbao,2026,Doubles Men,00:04:53,00:03:43,00:04:32,00:01:33,00:04:38,00:02:39,00:04:46,00:02:24,00:04:50,00:04:03,00:04:51,00:01:25,00:05:03,00:02:57,00:05:02,00:03:37,00:04:47,00:38:30,00:04:32
271,65,Nicolas Gonzalez,Benjamin Dumortier,"Nicolas Gonzalez, Benjamin Dumortier",25-29,01:05:36,3936,65.6,Bilbao,2026,Doubles Men,00:04:32,00:03:56,00:04:10,00:01:53,00:04:32,00:03:13,00:04:33,00:02:24,00:04:47,00:04:34,00:04:39,00:01:26,00:04:39,00:03:06,00:04:25,00:03:53,00:05:01,00:36:14,00:04:10
272,48,Ivan Valero,Ismael Gonzalez,"Ivan Valero, Ismael Gonzalez",35-39,01:05:43,3943,65.72,Bilbao,2026,Doubles Men,00:04:47,00:03:51,00:04:34,00:01:57,00:04:33,00:03:12,00:04:45,00:02:26,00:04:50,00:04:27,00:04:43,00:01:25,00:04:35,00:03:00,00:04:27,00:03:38,00:04:40,00:37:12,00:04:27
273,97,Thomas West,Charles Wells,"Thomas West, Charles Wells",30-34,01:05:46,3946,65.77,Bilbao,2026,Doubles Men,00:04:51,00:03:53,00:04:37,00:01:44,00:04:38,00:02:30,00:04:45,00:02:16,00:04:50,00:04:31,00:04:42,00:01:38,00:04:29,00:02:52,00:04:40,00:03:40,00:05:16,00:37:29,00:04:29
274,49,Esteban Parreño Villadeamigo,David Bermejo Luque,"Esteban Parreño Villadeamigo, David Bermejo Luque",35-39,01:05:46,3946,65.77,Bilbao,2026,Doubles Men,00:04:19,00:03:53,00:06:03,00:01:46,00:04:41,00:03:24,00:04:24,00:02:27,00:04:27,00:04:19,00:04:24,00:01:18,00:04:31,00:03:27,00:04:05,00:03:41,00:04:44,00:36:51,00:04:05
275,66,Caleb Merriman,Andrew Byrne,"Caleb Merriman, Andrew Byrne",25-29,01:05:46,3946,65.77,Bilbao,2026,Doubles Men,00:04:40,00:03:37,00:04:17,00:01:44,00:04:24,00:02:56,00:04:24,00:03:34,00:04:31,00:04:31,00:04:15,00:01:23,00:03:58,00:03:58,00:04:20,00:03:53,00:05:32,00:34:44,00:03:58
276,67,Christoph Barg,Lorenz Englisch,"Christoph Barg, Lorenz Englisch",25-29,01:05:47,3947,65.78,Bilbao,2026,Doubles Men,00:04:46,00:03:52,00:04:26,00:01:49,00:04:45,00:02:43,00:04:46,00:02:48,00:04:51,00:03:49,00:04:52,00:01:19,00:04:40,00:03:00,00:04:54,00:03:40,00:04:54,00:37:56,00:04:26
277,19,Carlos Romero Martinez,James Oliver,"Carlos Romero Martinez, James Oliver",16-24,01:05:48,3948,65.8,Bilbao,2026,Doubles Men,00:04:54,00:03:57,00:04:27,00:01:37,00:04:37,00:02:22,00:04:36,00:02:47,00:04:44,00:04:21,00:04:34,00:01:18,00:04:33,00:02:54,00:04:24,00:04:52,00:05:01,00:36:44,00:04:24
278,10,Guillermo Hitos,Alberto Gonzalez Lopez,"Guillermo Hitos, Alberto Gonzalez Lopez",45-49,01:05:49,3949,65.82,Bilbao,2026,Doubles Men,00:04:44,00:04:06,00:04:16,00:01:43,00:04:29,00:02:51,00:04:25,00:03:07,00:04:29,00:04:29,00:04:23,00:01:28,00:04:25,00:03:44,00:04:39,00:03:57,00:04:43,00:35:46,00:04:16
279,20,Hodei Arias,Unai Pomposo,"Hodei Arias, Unai Pomposo",16-24,01:05:50,3950,65.83,Bilbao,2026,Doubles Men,00:04:36,00:03:54,00:04:18,00:01:52,00:04:29,00:03:11,00:04:40,00:02:48,00:04:50,00:04:20,00:04:45,00:01:16,00:04:45,00:02:43,00:05:01,00:03:30,00:04:58,00:37:21,00:04:18
280,32,Iban Tarsicio Fernandez,Daniel Benito,"Iban Tarsicio Fernandez, Daniel Benito",40-44,01:05:55,3955,65.92,Bilbao,2026,Doubles Men,00:04:44,00:03:56,00:04:19,00:01:31,00:04:37,00:02:36,00:04:41,00:03:02,00:04:45,00:04:11,00:04:38,00:01:35,00:04:48,00:03:26,00:04:33,00:03:53,00:04:48,00:37:00,00:04:19
281,98,Jaime Peinado,Sergio Peinado,"Jaime Peinado, Sergio Peinado",30-34,01:05:56,3956,65.93,Bilbao,2026,Doubles Men,00:05:07,00:03:46,00:04:39,00:01:44,00:04:36,00:02:39,00:04:34,00:02:26,00:04:48,00:04:04,00:04:46,00:01:12,00:04:38,00:03:03,00:04:27,00:03:46,00:05:49,00:37:31,00:04:27
282,68,Vincent Cambon,Anthony Lagarde Teule,"Vincent Cambon, Anthony Lagarde Teule",25-29,01:05:58,3958,65.97,Bilbao,2026,Doubles Men,00:04:28,00:03:49,00:04:37,00:01:54,00:05:02,00:03:01,00:04:54,00:01:59,00:04:58,00:04:03,00:05:05,00:01:19,00:05:04,00:02:32,00:04:33,00:03:37,00:05:11,00:38:37,00:04:33
283,69,Asis Barrenechea,Bosco Unzueta,"Asis Barrenechea, Bosco Unzueta",25-29,01:06:00,3960,66.0,Bilbao,2026,Doubles Men,00:05:16,00:04:03,00:04:27,00:02:02,00:04:40,00:03:09,00:04:24,00:02:24,00:04:16,00:04:19,00:04:25,00:01:20,00:04:27,00:03:09,00:04:36,00:03:49,00:05:23,00:36:27,00:04:16
284,99,Ignacio Tabuenca Perez,Alvaro Delgado Agudo,"Ignacio Tabuenca Perez, Alvaro Delgado Agudo",30-34,01:06:00,3960,66.0,Bilbao,2026,Doubles Men,00:04:50,00:03:50,00:04:31,00:01:39,00:05:01,00:02:26,00:04:56,00:02:18,00:05:00,00:04:08,00:04:51,00:01:05,00:04:56,00:02:25,00:05:00,00:04:00,00:05:13,00:39:01,00:04:31
285,50,Alvaro Naveda,Ion Ander Basurto,"Alvaro Naveda, Ion Ander Basurto",35-39,01:06:01,3961,66.02,Bilbao,2026,Doubles Men,00:04:53,00:04:10,00:04:28,00:01:53,00:04:34,00:03:06,00:04:46,00:02:17,00:04:54,00:04:14,00:04:48,00:01:33,00:04:15,00:03:02,00:04:29,00:03:55,00:04:52,00:37:03,00:04:15
286,21,Alejandro Rodríguez Mendoza,Lukas Günzler Jauregui,"Alejandro Rodríguez Mendoza, Lukas Günzler Jauregui",16-24,01:06:03,3963,66.05,Bilbao,2026,Doubles Men,00:04:31,00:03:52,00:04:22,00:01:28,00:04:41,00:03:25,00:04:44,00:02:29,00:04:43,00:04:19,00:04:32,00:01:13,00:04:34,00:03:28,00:04:48,00:04:10,00:04:53,00:36:52,00:04:22
287,33,Michael Marakis,Luís Jorge,"Michael Marakis, Luís Jorge",40-44,01:06:03,3963,66.05,Bilbao,2026,Doubles Men,00:04:05,00:03:59,00:04:00,00:02:26,00:04:37,00:04:24,00:04:21,00:02:42,00:04:26,00:04:28,00:04:28,00:01:22,00:04:24,00:03:18,00:04:13,00:03:50,00:05:09,00:34:31,00:04:00
288,100,Daniel Lopez,Asier Uria,"Daniel Lopez, Asier Uria",30-34,01:06:04,3964,66.07,Bilbao,2026,Doubles Men,00:04:27,00:03:55,00:04:00,00:01:48,00:04:23,00:03:27,00:04:32,00:02:56,00:04:29,00:04:24,00:04:34,00:01:36,00:04:35,00:03:08,00:04:38,00:03:48,00:05:32,00:35:35,00:04:00
289,34,Marc Pereira Clemente,François Macias,"Marc Pereira Clemente, François Macias",40-44,01:06:06,3966,66.1,Bilbao,2026,Doubles Men,00:04:25,00:04:06,00:04:24,00:01:53,00:04:38,00:03:26,00:04:25,00:02:52,00:04:35,00:04:22,00:04:24,00:01:33,00:04:20,00:03:03,00:04:28,00:04:18,00:05:01,00:35:36,00:04:20
290,22,Saúl Santiago Maza,Jordan Mantilla Donaire,"Saúl Santiago Maza, Jordan Mantilla Donaire",16-24,01:06:07,3967,66.12,Bilbao,2026,Doubles Men,00:04:33,00:03:43,00:04:34,00:02:00,00:05:02,00:02:41,00:04:48,00:02:11,00:05:04,00:03:52,00:04:47,00:01:37,00:04:48,00:03:35,00:04:43,00:03:17,00:04:59,00:38:17,00:04:34
291,51,David Mallorquin Mellado,Eliot Germán Polsak,"David Mallorquin Mellado, Eliot Germán Polsak",35-39,01:06:07,3967,66.12,Bilbao,2026,Doubles Men,00:04:00,00:03:52,00:04:05,00:02:14,00:04:28,00:03:55,00:04:21,00:03:10,00:04:18,00:04:29,00:04:23,00:01:27,00:05:04,00:02:47,00:04:31,00:03:43,00:05:28,00:35:07,00:04:05
292,35,Mark Wilkinson,Sean Wilkinson,"Mark Wilkinson, Sean Wilkinson",40-44,01:06:07,3967,66.12,Bilbao,2026,Doubles Men,00:04:48,00:03:58,00:04:17,00:01:51,00:04:38,00:02:50,00:04:36,00:02:55,00:04:47,00:04:16,00:04:33,00:01:25,00:04:43,00:03:22,00:04:44,00:04:11,00:04:21,00:37:03,00:04:17
293,70,Andoni Zubeldia,Asier Aguirregomezcorta,"Andoni Zubeldia, Asier Aguirregomezcorta",25-29,01:06:10,3970,66.17,Bilbao,2026,Doubles Men,00:04:57,00:04:06,00:04:28,00:01:47,00:04:40,00:02:56,00:04:45,00:02:18,00:04:52,00:04:12,00:04:45,00:01:16,00:04:46,00:03:10,00:04:38,00:03:28,00:05:14,00:37:46,00:04:28
294,52,Andrés López,Pau Maciá,"Andrés López, Pau Maciá",35-39,01:06:11,3971,66.18,Bilbao,2026,Doubles Men,00:06:46,00:04:05,00:04:14,00:02:09,00:04:14,00:03:50,00:04:16,00:02:22,00:04:22,00:04:23,00:04:18,00:01:28,00:04:09,00:02:57,00:04:06,00:03:49,00:04:52,00:36:21,00:04:06
295,53,John Millar,Charlie Desborough,"John Millar, Charlie Desborough",35-39,01:06:14,3974,66.23,Bilbao,2026,Doubles Men,00:04:43,00:04:02,00:04:14,00:01:43,00:04:14,00:03:30,00:04:30,00:03:21,00:04:37,00:04:26,00:04:39,00:01:25,00:04:46,00:03:06,00:04:34,00:04:05,00:04:27,00:36:14,00:04:14
296,11,Miguel Merelo Gallego,Roberto Vadillo Sanchez,"Miguel Merelo Gallego, Roberto Vadillo Sanchez",45-49,01:06:19,3979,66.32,Bilbao,2026,Doubles Men,00:04:09,00:03:52,00:04:10,00:01:52,00:04:17,00:03:02,00:04:22,00:03:01,00:04:33,00:04:36,00:04:24,00:01:35,00:04:16,00:03:47,00:04:25,00:04:01,00:06:04,00:34:33,00:04:10
297,101,Roux Anthony,Paul Charenton,"Roux Anthony, Paul Charenton",30-34,01:06:20,3980,66.33,Bilbao,2026,Doubles Men,00:04:34,00:03:49,00:04:28,00:01:39,00:04:42,00:03:13,00:05:25,00:02:25,00:04:49,00:04:10,00:04:38,00:01:21,00:04:40,00:03:09,00:04:43,00:03:56,00:04:45,00:37:56,00:04:28
298,102,Joan Marí,Nacho Sorní Sáez,"Joan Marí, Nacho Sorní Sáez",30-34,01:06:21,3981,66.35,Bilbao,2026,Doubles Men,00:04:16,00:03:54,00:04:01,00:02:07,00:04:15,00:03:12,00:04:23,00:02:19,00:06:17,00:04:22,00:04:06,00:01:19,00:06:11,00:02:53,00:04:25,00:03:45,00:04:44,00:37:50,00:04:01
299,36,David Rivera,Dino Moschovis,"David Rivera, Dino Moschovis",40-44,01:06:21,3981,66.35,Bilbao,2026,Doubles Men,00:04:12,00:03:40,00:04:37,00:01:31,00:05:33,00:02:19,00:05:09,00:02:13,00:04:48,00:03:51,00:05:05,00:01:25,00:05:05,00:02:46,00:04:54,00:04:09,00:05:10,00:39:20,00:04:37
300,54,Iván Varela González,Iván López Gómez,"Iván Varela González, Iván López Gómez",35-39,01:06:21,3981,66.35,Bilbao,2026,Doubles Men,00:04:17,00:03:45,00:04:10,00:02:13,00:04:27,00:03:18,00:04:42,00:02:12,00:04:46,00:04:17,00:04:47,00:01:25,00:04:46,00:03:02,00:04:58,00:03:44,00:05:39,00:36:50,00:04:10
301,103,Alberto Sorribes Deop,Víctor Moreno Trenado,"Alberto Sorribes Deop, Víctor Moreno Trenado",30-34,01:06:21,3981,66.35,Bilbao,2026,Doubles Men,00:04:13,00:04:06,00:04:20,00:01:43,00:04:36,00:02:46,00:04:40,00:02:36,00:04:48,00:04:25,00:04:38,00:01:04,00:04:41,00:03:20,00:04:35,00:04:31,00:05:29,00:36:27,00:04:20
302,37,Alexander Iglesias,Mikel Aranzeta Perez De Heredia,"Alexander Iglesias, Mikel Aranzeta Perez De Heredia",40-44,01:06:22,3982,66.37,Bilbao,2026,Doubles Men,00:04:30,00:04:05,00:04:22,00:01:45,00:04:29,00:03:38,00:04:47,00:02:24,00:04:47,00:04:23,00:04:42,00:01:15,00:04:48,00:03:11,00:04:45,00:04:03,00:04:37,00:37:07,00:04:22
303,104,Carlos Arnán,Rubén Serrano,"Carlos Arnán, Rubén Serrano",30-34,01:06:23,3983,66.38,Bilbao,2026,Doubles Men,00:04:39,00:04:08,00:04:06,00:01:54,00:04:23,00:03:50,00:04:20,00:03:07,00:04:23,00:04:25,00:04:26,00:01:18,00:04:23,00:03:31,00:04:09,00:04:32,00:04:59,00:34:45,00:04:06
304,105,Jack Robinson,Timothy Wilson,"Jack Robinson, Timothy Wilson",30-34,01:06:23,3983,66.38,Bilbao,2026,Doubles Men,00:04:45,00:03:57,00:04:13,00:01:54,00:04:26,00:02:52,00:04:28,00:03:20,00:04:34,00:04:18,00:04:33,00:01:24,00:04:47,00:03:28,00:04:32,00:04:17,00:04:43,00:36:14,00:04:13
305,55,Roberto Cobo,Sergio Mateos,"Roberto Cobo, Sergio Mateos",35-39,01:06:27,3987,66.45,Bilbao,2026,Doubles Men,00:04:34,00:04:09,00:04:10,00:01:24,00:04:32,00:03:42,00:04:28,00:02:53,00:04:29,00:04:36,00:04:20,00:01:49,00:04:25,00:03:44,00:04:34,00:03:55,00:04:51,00:35:28,00:04:10
306,38,Jon Oliden,Igor Barreno,"Jon Oliden, Igor Barreno",40-44,01:06:27,3987,66.45,Bilbao,2026,Doubles Men,00:04:57,00:03:46,00:04:38,00:01:46,00:04:43,00:02:44,00:04:36,00:02:42,00:04:45,00:04:15,00:04:35,00:01:28,00:04:39,00:02:51,00:04:42,00:04:01,00:05:25,00:37:32,00:04:35
307,71,Paul Gehrig,Alejandro Costa,"Paul Gehrig, Alejandro Costa",25-29,01:06:30,3990,66.5,Bilbao,2026,Doubles Men,00:04:23,00:04:05,00:04:19,00:01:55,00:04:46,00:03:14,00:05:03,00:02:31,00:05:01,00:04:07,00:04:55,00:01:28,00:04:54,00:02:24,00:04:55,00:03:50,00:04:49,00:38:12,00:04:19
308,39,Eric Saintemarie,Mathieu Marchal,"Eric Saintemarie, Mathieu Marchal",40-44,01:06:34,3994,66.57,Bilbao,2026,Doubles Men,00:04:51,00:03:50,00:04:25,00:01:42,00:04:31,00:02:40,00:04:41,00:02:55,00:05:05,00:03:59,00:04:48,00:01:37,00:04:44,00:03:29,00:04:51,00:03:21,00:05:13,00:37:52,00:04:25
309,23,Alexarder Pablos Ortega,Jon Ander González García,"Alexarder Pablos Ortega, Jon Ander González García",16-24,01:06:34,3994,66.57,Bilbao,2026,Doubles Men,00:04:22,00:04:06,00:04:09,00:01:42,00:04:40,00:03:27,00:04:36,00:01:57,00:04:54,00:04:19,00:04:46,00:01:07,00:04:27,00:02:59,00:04:35,00:04:57,00:05:40,00:36:25,00:04:09
310,106,Tiago Alfaiate,Luís Leal,"Tiago Alfaiate, Luís Leal",30-34,01:06:35,3995,66.58,Bilbao,2026,Doubles Men,00:04:27,00:04:11,00:04:15,00:02:04,00:04:34,00:03:08,00:04:38,00:02:47,00:04:22,00:04:13,00:04:42,00:01:34,00:04:47,00:03:23,00:04:42,00:04:10,00:04:45,00:36:24,00:04:15
311,72,Lucas Aran,Rodrigo Navazo Cuesta,"Lucas Aran, Rodrigo Navazo Cuesta",25-29,01:06:36,3996,66.6,Bilbao,2026,Doubles Men,00:04:31,00:03:55,00:04:09,00:01:50,00:04:16,00:02:41,00:04:12,00:03:05,00:04:41,00:04:33,00:04:32,00:01:32,00:04:42,00:04:02,00:04:40,00:04:28,00:04:55,00:35:40,00:04:09
312,107,Tomas Vieito Cobián,Alejandro Elúa Pinín,"Tomas Vieito Cobián, Alejandro Elúa Pinín",30-34,01:06:37,3997,66.62,Bilbao,2026,Doubles Men,00:04:55,00:03:59,00:04:44,00:01:48,00:04:59,00:02:40,00:05:11,00:02:24,00:05:05,00:04:02,00:04:47,00:01:06,00:05:00,00:02:42,00:04:43,00:03:36,00:05:05,00:39:20,00:04:43
313,40,Daniel Moreno,Ángel Rodriguez,"Daniel Moreno, Ángel Rodriguez",40-44,01:06:38,3998,66.63,Bilbao,2026,Doubles Men,00:04:19,00:04:03,00:04:12,00:02:32,00:04:20,00:03:54,00:04:22,00:02:35,00:04:25,00:04:38,00:04:23,00:01:33,00:04:21,00:03:43,00:04:33,00:03:58,00:04:56,00:34:51,00:04:12
314,108,Carlos Villalonga Rodas,Pedro Palou De Comasema Dameto,"Carlos Villalonga Rodas, Pedro Palou De Comasema Dameto",30-34,01:06:39,3999,66.65,Bilbao,2026,Doubles Men,00:04:26,00:04:16,00:04:19,00:01:58,00:04:34,00:03:41,00:04:40,00:02:22,00:04:41,00:04:26,00:04:38,00:01:20,00:04:34,00:03:27,00:04:35,00:04:22,00:04:27,00:36:25,00:04:19
315,73,Alejandro Fernández Herrero,Raúl Talavera Alonso,"Alejandro Fernández Herrero, Raúl Talavera Alonso",25-29,01:06:41,4001,66.68,Bilbao,2026,Doubles Men,00:04:04,00:04:00,00:04:12,00:02:04,00:04:30,00:04:17,00:04:20,00:02:39,00:04:36,00:04:33,00:04:21,00:01:18,00:04:33,00:03:59,00:04:31,00:04:19,00:04:34,00:35:02,00:04:12
316,24,Benjamin Roux,Matthieu Duhau,"Benjamin Roux, Matthieu Duhau",16-24,01:06:42,4002,66.7,Bilbao,2026,Doubles Men,00:05:02,00:04:03,00:04:32,00:01:29,00:04:55,00:02:57,00:04:53,00:02:17,00:04:49,00:04:16,00:04:41,00:01:21,00:04:51,00:03:27,00:04:36,00:03:50,00:04:51,00:38:14,00:04:32
317,12,Jose Mussons Caldes,Imad Gmira,"Jose Mussons Caldes, Imad Gmira",45-49,01:06:43,4003,66.72,Bilbao,2026,Doubles Men,00:04:30,00:03:55,00:04:15,00:02:05,00:04:22,00:03:52,00:04:23,00:03:10,00:04:24,00:04:27,00:04:28,00:01:26,00:04:37,00:04:01,00:04:18,00:04:05,00:04:35,00:35:12,00:04:15
318,109,Josu Leon,Aitor Setien,"Josu Leon, Aitor Setien",30-34,01:06:43,4003,66.72,Bilbao,2026,Doubles Men,00:04:37,00:03:58,00:04:22,00:01:36,00:04:40,00:03:37,00:04:42,00:02:36,00:04:39,00:04:21,00:04:34,00:01:22,00:04:40,00:03:11,00:04:38,00:03:44,00:05:35,00:36:49,00:04:22
319,13,Aritz Ruiz De La Torre,Fernando Altamiranda,"Aritz Ruiz De La Torre, Fernando Altamiranda",45-49,01:06:44,4004,66.73,Bilbao,2026,Doubles Men,00:04:38,00:03:56,00:04:28,00:01:50,00:04:42,00:03:06,00:04:40,00:03:16,00:04:34,00:04:15,00:04:37,00:01:22,00:04:38,00:03:37,00:04:46,00:03:40,00:04:48,00:36:58,00:04:28
320,110,Anthony Karn-Schenck,Ernesto Pimentel,"Anthony Karn-Schenck, Ernesto Pimentel",30-34,01:06:47,4007,66.78,Bilbao,2026,Doubles Men,00:04:15,00:04:03,00:04:17,00:02:02,00:05:35,00:03:28,00:04:37,00:02:02,00:04:57,00:04:17,00:04:48,00:01:32,00:05:00,00:02:56,00:04:33,00:03:47,00:04:44,00:37:59,00:04:17
321,111,Jon García Badaya,Imanol Joaquin Ayarza,"Jon García Badaya, Imanol Joaquin Ayarza",30-34,01:06:48,4008,66.8,Bilbao,2026,Doubles Men,00:04:48,00:03:52,00:04:30,00:01:37,00:04:49,00:02:33,00:04:58,00:02:53,00:04:59,00:04:11,00:04:50,00:01:35,00:04:53,00:03:13,00:04:48,00:03:45,00:04:41,00:38:32,00:04:30
322,25,Matis Briand,Rémi Tartas Cabané,"Matis Briand, Rémi Tartas Cabané",16-24,01:06:49,4009,66.82,Bilbao,2026,Doubles Men,00:04:43,00:03:47,00:04:31,00:01:37,00:04:51,00:03:02,00:04:50,00:02:47,00:04:48,00:04:01,00:04:44,00:01:29,00:04:43,00:03:01,00:04:35,00:03:24,00:06:04,00:37:42,00:04:31
323,112,Adrián Pérez González,Armando Silva Rojas,"Adrián Pérez González, Armando Silva Rojas",30-34,01:06:49,4009,66.82,Bilbao,2026,Doubles Men,00:04:23,00:03:46,00:04:44,00:02:03,00:05:16,00:03:23,00:04:31,00:02:29,00:04:36,00:04:02,00:05:01,00:01:21,00:04:40,00:02:45,00:04:48,00:03:54,00:05:15,00:37:55,00:04:31
324,113,Alvaro Cambeiro Lobato,Jorge Eh,"Alvaro Cambeiro Lobato, Jorge Eh",30-34,01:06:49,4009,66.82,Bilbao,2026,Doubles Men,00:03:59,00:04:01,00:04:08,00:02:11,00:04:32,00:03:42,00:04:21,00:02:30,00:04:34,00:04:37,00:04:16,00:01:29,00:04:34,00:03:23,00:05:01,00:03:57,00:05:42,00:35:21,00:04:08
325,26,César Criado,Miguel Bernabeu,"César Criado, Miguel Bernabeu",16-24,01:06:50,4010,66.83,Bilbao,2026,Doubles Men,00:04:46,00:04:07,00:04:23,00:01:46,00:04:33,00:02:55,00:04:34,00:02:36,00:04:44,00:04:22,00:04:39,00:01:22,00:04:30,00:03:46,00:04:26,00:03:55,00:05:32,00:36:33,00:04:23
326,114,Baptiste Daugrois,Quentin Dutto,"Baptiste Daugrois, Quentin Dutto",30-34,01:06:50,4010,66.83,Bilbao,2026,Doubles Men,00:04:30,00:04:05,00:04:10,00:01:47,00:04:29,00:03:51,00:04:24,00:02:45,00:04:46,00:04:11,00:04:35,00:01:32,00:04:50,00:03:12,00:05:01,00:03:43,00:05:08,00:36:41,00:04:10
327,74,Nathan Protois,Joshua Protois,"Nathan Protois, Joshua Protois",25-29,01:06:50,4010,66.83,Bilbao,2026,Doubles Men,00:05:04,00:03:56,00:04:37,00:02:13,00:04:36,00:03:04,00:04:41,00:02:22,00:04:39,00:04:24,00:04:32,00:01:18,00:04:25,00:03:32,00:04:42,00:04:04,00:04:49,00:37:12,00:04:25
328,75,Benjamin Cadene,Javier García Baile,"Benjamin Cadene, Javier García Baile",25-29,01:06:52,4012,66.87,Bilbao,2026,Doubles Men,00:04:47,00:03:54,00:04:30,00:02:00,00:04:46,00:02:59,00:04:44,00:02:44,00:04:44,00:04:07,00:04:40,00:01:44,00:04:42,00:03:29,00:04:39,00:04:00,00:04:31,00:37:29,00:04:30
329,27,Aingeru Gallarreta,Ander Ordorika,"Aingeru Gallarreta, Ander Ordorika",16-24,01:06:56,4016,66.93,Bilbao,2026,Doubles Men,00:04:43,00:03:56,00:04:39,00:01:58,00:04:52,00:02:58,00:04:47,00:02:06,00:04:58,00:04:16,00:04:54,00:01:28,00:04:55,00:03:12,00:04:50,00:03:51,00:04:41,00:38:34,00:04:39
330,115,Igor Lopez De Arregui,Ricardo Huerta,"Igor Lopez De Arregui, Ricardo Huerta",30-34,01:06:57,4017,66.95,Bilbao,2026,Doubles Men,00:04:46,00:03:55,00:04:25,00:01:50,00:04:34,00:02:58,00:04:52,00:02:14,00:05:08,00:04:17,00:04:40,00:01:18,00:05:15,00:03:01,00:05:09,00:03:52,00:04:50,00:38:46,00:04:25
331,41,Miguel Sarabia,Javier Garin,"Miguel Sarabia, Javier Garin",40-44,01:06:57,4017,66.95,Bilbao,2026,Doubles Men,00:04:54,00:03:58,00:04:26,00:01:47,00:04:34,00:03:22,00:04:45,00:02:43,00:04:49,00:04:30,00:04:36,00:01:27,00:04:32,00:03:17,00:04:34,00:04:06,00:04:45,00:37:07,00:04:26
332,116,Carlos Limousin Nogales,Oscar Echeveste Echarri,"Carlos Limousin Nogales, Oscar Echeveste Echarri",30-34,01:06:57,4017,66.95,Bilbao,2026,Doubles Men,00:05:00,00:03:34,00:04:54,00:01:40,00:05:10,00:02:14,00:05:04,00:02:29,00:05:11,00:03:49,00:05:20,00:01:26,00:05:00,00:02:36,00:04:53,00:03:33,00:05:12,00:40:29,00:04:53
333,117,Julen Basterrika,Iker Llamosas,"Julen Basterrika, Iker Llamosas",30-34,01:06:59,4019,66.98,Bilbao,2026,Doubles Men,00:04:48,00:04:21,00:04:05,00:02:00,00:04:17,00:03:27,00:04:17,00:03:02,00:04:26,00:04:28,00:04:17,00:01:32,00:04:20,00:03:43,00:04:38,00:04:15,00:05:09,00:35:06,00:04:05
334,118,Carlos Álvarez Carrillo,Pablo Orihuela Garcia,"Carlos Álvarez Carrillo, Pablo Orihuela Garcia",30-34,01:07:01,4021,67.02,Bilbao,2026,Doubles Men,00:04:53,00:04:03,00:04:35,00:01:47,00:04:43,00:02:44,00:04:46,00:02:44,00:04:52,00:03:57,00:04:46,00:01:07,00:04:37,00:03:08,00:04:43,00:04:55,00:04:48,00:37:52,00:04:35
335,76,Jesus Garcia Murillo,Nicolas Rodriguez Martin,"Jesus Garcia Murillo, Nicolas Rodriguez Martin",25-29,01:07:03,4023,67.05,Bilbao,2026,Doubles Men,00:04:33,00:04:06,00:04:08,00:02:00,00:04:46,00:03:41,00:04:23,00:03:09,00:04:13,00:04:21,00:04:13,00:02:02,00:04:19,00:03:37,00:04:19,00:03:54,00:05:26,00:34:51,00:04:08
336,77,Maxime Galli,Lucas Gourgouillon,"Maxime Galli, Lucas Gourgouillon",25-29,01:07:04,4024,67.07,Bilbao,2026,Doubles Men,00:04:59,00:03:58,00:04:31,00:01:52,00:04:43,00:02:44,00:04:41,00:03:10,00:05:03,00:04:11,00:04:44,00:01:35,00:04:35,00:03:12,00:04:49,00:03:42,00:04:45,00:38:00,00:04:31
337,78,Iker Mendibe,Julen Arrizabalaga,"Iker Mendibe, Julen Arrizabalaga",25-29,01:07:09,4029,67.15,Bilbao,2026,Doubles Men,00:04:43,00:03:42,00:04:34,00:01:40,00:05:01,00:02:27,00:04:47,00:02:29,00:05:02,00:03:58,00:04:51,00:01:15,00:04:49,00:02:53,00:04:58,00:04:04,00:06:04,00:38:41,00:04:34
338,6,Michael Mcisaac,Phil Reay-Smith,"Michael Mcisaac, Phil Reay-Smith",50-54,01:07:10,4030,67.17,Bilbao,2026,Doubles Men,00:04:35,00:03:57,00:04:17,00:01:53,00:04:28,00:03:19,00:04:32,00:03:09,00:04:42,00:03:56,00:04:45,00:01:24,00:04:49,00:03:44,00:04:37,00:04:37,00:04:34,00:36:41,00:04:17
339,79,Isaac Escudero Fernández,Sergio Salvador Pareja,"Isaac Escudero Fernández, Sergio Salvador Pareja",25-29,01:07:10,4030,67.17,Bilbao,2026,Doubles Men,00:04:25,00:03:53,00:04:27,00:01:53,00:04:34,00:03:07,00:04:38,00:02:52,00:04:38,00:04:15,00:05:05,00:01:13,00:04:49,00:02:44,00:04:37,00:04:14,00:05:53,00:37:10,00:04:27
340,56,Borja Perez,Christian Crespo,"Borja Perez, Christian Crespo",35-39,01:07:12,4032,67.2,Bilbao,2026,Doubles Men,00:04:48,00:04:01,00:04:16,00:02:03,00:04:34,00:03:02,00:04:32,00:02:37,00:04:34,00:04:29,00:04:38,00:01:41,00:04:28,00:03:27,00:04:38,00:04:17,00:05:13,00:36:25,00:04:16
341,57,Gonçalo Albino,Fábio Quitério,"Gonçalo Albino, Fábio Quitério",35-39,01:07:15,4035,67.25,Bilbao,2026,Doubles Men,00:04:16,00:03:57,00:04:38,00:01:52,00:04:51,00:03:43,00:04:35,00:02:43,00:04:45,00:04:19,00:04:53,00:01:20,00:04:39,00:03:08,00:04:26,00:04:17,00:05:00,00:37:00,00:04:26
342,80,Unai Alvarez,Ibon Rasche,"Unai Alvarez, Ibon Rasche",25-29,01:07:15,4035,67.25,Bilbao,2026,Doubles Men,00:04:43,00:03:58,00:04:24,00:02:08,00:04:25,00:04:07,00:04:24,00:02:48,00:04:30,00:04:10,00:04:27,00:01:08,00:04:24,00:03:35,00:04:13,00:04:24,00:05:34,00:35:27,00:04:13
343,119,Xabier Berra Rezusta,Jon Echarri Araguas,"Xabier Berra Rezusta, Jon Echarri Araguas",30-34,01:07:17,4037,67.28,Bilbao,2026,Doubles Men,00:04:38,00:04:07,00:04:22,00:02:00,00:04:38,00:02:59,00:04:40,00:02:46,00:04:52,00:04:12,00:05:08,00:01:35,00:04:47,00:03:21,00:04:45,00:03:54,00:04:40,00:37:47,00:04:22
344,58,Victor Perez Vazquez,Marcos Perez Vazquez,"Victor Perez Vazquez, Marcos Perez Vazquez",35-39,01:07:20,4040,67.33,Bilbao,2026,Doubles Men,00:04:13,00:03:58,00:04:07,00:01:52,00:04:47,00:03:12,00:05:02,00:02:40,00:05:10,00:04:36,00:05:09,00:01:14,00:05:03,00:03:02,00:04:52,00:03:50,00:04:41,00:38:20,00:04:07
345,120,Aitor Jose Ortega Perez,Sergio Juan Garcia Revert,"Aitor Jose Ortega Perez, Sergio Juan Garcia Revert",30-34,01:07:22,4042,67.37,Bilbao,2026,Doubles Men,00:05:09,00:03:58,00:04:42,00:01:52,00:04:44,00:03:17,00:04:41,00:02:37,00:04:44,00:04:05,00:04:51,00:01:25,00:04:47,00:03:17,00:04:53,00:03:48,00:04:40,00:38:26,00:04:41
346,1,Mike Irwin,Scott Desborough,"Mike Irwin, Scott Desborough",60-64,01:07:23,4043,67.38,Bilbao,2026,Doubles Men,00:04:42,00:04:09,00:04:21,00:01:57,00:04:30,00:03:17,00:04:27,00:03:18,00:04:27,00:04:28,00:04:24,00:01:37,00:04:25,00:03:25,00:04:37,00:04:57,00:04:27,00:35:50,00:04:21
347,59,Hernan Paolina,Pablo Ulecia,"Hernan Paolina, Pablo Ulecia",35-39,01:07:23,4043,67.38,Bilbao,2026,Doubles Men,00:04:44,00:04:01,00:04:20,00:01:48,00:04:32,00:03:52,00:04:27,00:03:08,00:04:36,00:04:14,00:04:30,00:01:36,00:04:30,00:03:30,00:04:40,00:04:06,00:04:57,00:36:17,00:04:20
348,14,Pedro Cantero,Mario Trueba Cantero,"Pedro Cantero, Mario Trueba Cantero",45-49,01:07:24,4044,67.4,Bilbao,2026,Doubles Men,00:04:54,00:04:08,00:04:27,00:01:43,00:04:37,00:03:22,00:04:35,00:02:52,00:04:39,00:04:30,00:04:33,00:01:42,00:04:37,00:03:25,00:04:42,00:03:59,00:04:49,00:37:01,00:04:27
349,60,Adrian Rouco Lopez,Hugo Mosteiro Mendez,"Adrian Rouco Lopez, Hugo Mosteiro Mendez",35-39,01:07:25,4045,67.42,Bilbao,2026,Doubles Men,00:04:48,00:03:51,00:06:35,00:01:43,00:04:34,00:03:14,00:04:32,00:02:36,00:04:48,00:04:14,00:04:44,00:01:29,00:04:47,00:02:50,00:04:42,00:03:27,00:04:40,00:39:26,00:04:32
350,121,David Alexandre Pereira,Guilherme Freitas,"David Alexandre Pereira, Guilherme Freitas",30-34,01:07:26,4046,67.43,Bilbao,2026,Doubles Men,00:04:17,00:03:45,00:04:24,00:02:09,00:04:27,00:03:08,00:04:51,00:03:17,00:04:40,00:04:17,00:04:31,00:01:26,00:04:36,00:03:34,00:04:41,00:03:48,00:05:40,00:36:24,00:04:24
351,81,Mikel Imaz Martin,Francisco Martinez Saez,"Mikel Imaz Martin, Francisco Martinez Saez",25-29,01:07:27,4047,67.45,Bilbao,2026,Doubles Men,00:04:50,00:03:56,00:04:31,00:01:42,00:04:39,00:02:40,00:04:37,00:02:53,00:04:49,00:04:09,00:04:47,00:01:22,00:04:35,00:03:39,00:04:24,00:04:07,00:05:56,00:37:08,00:04:24
352,61,Jordi Font,Oder Cortes,"Jordi Font, Oder Cortes",35-39,01:07:28,4048,67.47,Bilbao,2026,Doubles Men,00:04:45,00:03:59,00:04:19,00:01:56,00:04:22,00:03:28,00:04:33,00:02:50,00:04:51,00:04:22,00:04:43,00:01:38,00:04:50,00:03:15,00:04:34,00:03:54,00:05:18,00:36:53,00:04:19
353,15,Alberto Perez Zamarreño,Diego Castresana Zamarreño,"Alberto Perez Zamarreño, Diego Castresana Zamarreño",45-49,01:07:29,4049,67.48,Bilbao,2026,Doubles Men,00:04:45,00:04:03,00:04:22,00:01:51,00:04:37,00:02:57,00:04:42,00:03:00,00:04:51,00:04:34,00:04:34,00:01:40,00:04:39,00:03:21,00:04:28,00:04:12,00:05:00,00:36:55,00:04:22
354,122,Adriano Posada,Nacho Alonso,"Adriano Posada, Nacho Alonso",30-34,01:07:29,4049,67.48,Bilbao,2026,Doubles Men,00:05:05,00:04:01,00:04:32,00:01:52,00:04:33,00:03:26,00:04:34,00:02:33,00:04:49,00:04:19,00:04:35,00:01:24,00:04:43,00:03:29,00:04:35,00:04:12,00:04:54,00:37:23,00:04:32
355,62,Jorge Del Rio Viaño,Borja Cutrín López,"Jorge Del Rio Viaño, Borja Cutrín López",35-39,01:07:29,4049,67.48,Bilbao,2026,Doubles Men,00:04:54,00:03:52,00:04:33,00:01:39,00:04:46,00:02:58,00:04:47,00:02:47,00:04:52,00:04:18,00:04:45,00:01:23,00:04:51,00:03:13,00:04:28,00:04:03,00:05:30,00:37:50,00:04:28
356,82,Ruben Martinez Santos,Javier García Lopez,"Ruben Martinez Santos, Javier García Lopez",25-29,01:07:29,4049,67.48,Bilbao,2026,Doubles Men,00:04:54,00:04:04,00:04:36,00:01:52,00:04:36,00:03:35,00:04:36,00:03:06,00:04:35,00:04:21,00:04:32,00:01:32,00:04:38,00:03:33,00:04:37,00:03:54,00:04:37,00:37:00,00:04:32
357,42,Miguel Angel Hidalgo,Esteban Rodríguez,"Miguel Angel Hidalgo, Esteban Rodríguez",40-44,01:07:30,4050,67.5,Bilbao,2026,Doubles Men,00:04:46,00:03:58,00:04:34,00:01:48,00:04:44,00:03:31,00:04:35,00:02:34,00:04:41,00:04:14,00:04:43,00:01:54,00:04:50,00:03:21,00:05:01,00:03:45,00:04:39,00:37:51,00:04:34
358,123,Diego Gómez,Oscar Rivas,"Diego Gómez, Oscar Rivas",30-34,01:07:31,4051,67.52,Bilbao,2026,Doubles Men,00:04:46,00:04:11,00:04:12,00:02:01,00:04:23,00:03:13,00:04:28,00:03:13,00:04:28,00:04:39,00:04:27,00:01:36,00:04:28,00:03:43,00:04:24,00:04:20,00:05:06,00:35:33,00:04:12
359,28,Clément Fabier,Hector Gransagne,"Clément Fabier, Hector Gransagne",16-24,01:07:32,4052,67.53,Bilbao,2026,Doubles Men,00:04:34,00:04:35,00:04:18,00:01:48,00:04:37,00:03:57,00:04:34,00:03:02,00:04:32,00:04:46,00:04:32,00:01:38,00:04:26,00:03:25,00:04:23,00:03:40,00:04:51,00:35:54,00:04:18
360,124,Aritz Monasterio,Iñigo Murua,"Aritz Monasterio, Iñigo Murua",30-34,01:07:33,4053,67.55,Bilbao,2026,Doubles Men,00:04:36,00:04:07,00:04:27,00:02:09,00:04:39,00:03:15,00:04:39,00:02:40,00:04:37,00:04:23,00:04:44,00:01:33,00:04:42,00:03:05,00:04:43,00:03:54,00:05:26,00:37:04,00:04:27
361,83,Ignacio Esteban,Ignacio Mazon,"Ignacio Esteban, Ignacio Mazon",25-29,01:07:34,4054,67.57,Bilbao,2026,Doubles Men,00:04:52,00:03:58,00:04:33,00:02:16,00:04:46,00:03:22,00:04:39,00:02:37,00:05:03,00:04:10,00:04:54,00:01:16,00:04:49,00:03:04,00:04:56,00:03:31,00:04:55,00:38:28,00:04:33
362,84,Lucas Mora,Joaquim Milesi,"Lucas Mora, Joaquim Milesi",25-29,01:07:35,4055,67.58,Bilbao,2026,Doubles Men,00:05:04,00:04:17,00:04:22,00:01:53,00:04:46,00:03:01,00:04:40,00:03:10,00:04:56,00:04:20,00:04:43,00:01:27,00:04:40,00:02:57,00:04:36,00:04:10,00:04:41,00:37:43,00:04:22
363,125,Juan Silvestre Bermejo Villadeamigo,Rafael Mora Cuesto,"Juan Silvestre Bermejo Villadeamigo, Rafael Mora Cuesto",30-34,01:07:35,4055,67.58,Bilbao,2026,Doubles Men,00:04:51,00:04:05,00:04:28,00:01:55,00:04:47,00:03:24,00:04:38,00:02:37,00:04:53,00:04:30,00:04:49,00:01:44,00:04:45,00:03:11,00:04:47,00:03:41,00:04:38,00:37:54,00:04:28
364,63,Joaquín Acosta Fernández,Manuel Barroso Saavedra,"Joaquín Acosta Fernández, Manuel Barroso Saavedra",35-39,01:07:37,4057,67.62,Bilbao,2026,Doubles Men,00:04:36,00:03:45,00:04:24,00:01:41,00:04:51,00:02:42,00:04:48,00:02:54,00:05:17,00:04:18,00:04:53,00:01:48,00:04:41,00:03:23,00:04:52,00:03:57,00:04:54,00:38:19,00:04:24
365,126,Gabriel Martinez Pieper,Kenen Berganza Irusquieta,"Gabriel Martinez Pieper, Kenen Berganza Irusquieta",30-34,01:07:41,4061,67.68,Bilbao,2026,Doubles Men,00:04:45,00:04:17,00:04:40,00:01:36,00:05:10,00:03:09,00:04:56,00:02:31,00:05:03,00:04:28,00:04:50,00:01:21,00:04:57,00:02:42,00:04:50,00:03:31,00:05:03,00:39:07,00:04:40
366,43,Agustín Nájera,Miguel Ángel González,"Agustín Nájera, Miguel Ángel González",40-44,01:07:42,4062,67.7,Bilbao,2026,Doubles Men,00:04:34,00:04:12,00:04:07,00:01:58,00:04:23,00:03:48,00:04:15,00:03:40,00:04:30,00:04:38,00:04:28,00:01:46,00:04:15,00:03:44,00:04:31,00:04:16,00:04:44,00:34:59,00:04:07
367,44,David Aguilar Purroy,Sergi Ayala Pascual,"David Aguilar Purroy, Sergi Ayala Pascual",40-44,01:07:42,4062,67.7,Bilbao,2026,Doubles Men,00:04:35,00:04:11,00:04:20,00:01:57,00:04:41,00:03:36,00:04:44,00:02:30,00:04:41,00:04:33,00:04:29,00:01:25,00:04:25,00:03:25,00:04:38,00:04:01,00:05:37,00:36:30,00:04:20
368,45,Agustín García Requesens,José Miguel Gutiérrez Martín,"Agustín García Requesens, José Miguel Gutiérrez Martín",40-44,01:07:42,4062,67.7,Bilbao,2026,Doubles Men,00:04:49,00:03:54,00:04:36,00:01:57,00:04:39,00:02:47,00:04:45,00:02:52,00:04:46,00:04:14,00:04:43,00:01:40,00:04:59,00:03:31,00:05:10,00:03:35,00:04:53,00:38:24,00:04:36
369,29,Julen Ormazabal Salegi,Aimar Osa Gonzalez,"Julen Ormazabal Salegi, Aimar Osa Gonzalez",16-24,01:07:44,4064,67.73,Bilbao,2026,Doubles Men,00:04:56,00:04:13,00:04:36,00:01:47,00:04:46,00:02:55,00:04:54,00:02:21,00:04:56,00:04:21,00:04:53,00:01:17,00:04:51,00:03:05,00:04:52,00:04:04,00:05:06,00:38:41,00:04:36
370,127,Guillermo Obot Essono,Mario Sainz Pérez,"Guillermo Obot Essono, Mario Sainz Pérez",30-34,01:07:45,4065,67.75,Bilbao,2026,Doubles Men,00:05:06,00:03:49,00:04:44,00:02:01,00:04:51,00:02:55,00:04:58,00:01:54,00:05:11,00:04:17,00:04:49,00:01:23,00:05:02,00:02:42,00:04:59,00:03:57,00:05:15,00:39:37,00:04:44
371,85,Raul Cordoba,Israel Martinez,"Raul Cordoba, Israel Martinez",25-29,01:07:45,4065,67.75,Bilbao,2026,Doubles Men,00:05:01,00:04:14,00:04:36,00:01:44,00:04:48,00:02:48,00:04:46,00:02:19,00:05:02,00:04:33,00:04:51,00:01:19,00:05:00,00:02:53,00:04:58,00:03:54,00:05:08,00:38:58,00:04:36
372,46,Thibault Lemarchand,Bruno Rodriguez,"Thibault Lemarchand, Bruno Rodriguez",40-44,01:07:46,4066,67.77,Bilbao,2026,Doubles Men,00:04:51,00:03:54,00:04:26,00:01:42,00:04:44,00:02:32,00:04:47,00:03:24,00:04:50,00:04:11,00:04:44,00:01:21,00:04:50,00:03:30,00:04:57,00:04:01,00:05:12,00:38:04,00:04:26
373,47,Pablo Blanco,Jorge Collar Rojo,"Pablo Blanco, Jorge Collar Rojo",40-44,01:07:47,4067,67.78,Bilbao,2026,Doubles Men,00:04:40,00:04:03,00:04:22,00:01:30,00:04:31,00:03:01,00:04:37,00:02:58,00:04:49,00:04:33,00:04:42,00:01:37,00:04:41,00:03:35,00:04:33,00:04:25,00:05:17,00:36:51,00:04:22
374,86,Ioritz Goñi,Miguel Angel Abad,"Ioritz Goñi, Miguel Angel Abad",25-29,01:07:48,4068,67.8,Bilbao,2026,Doubles Men,00:04:24,00:04:03,00:04:24,00:01:24,00:04:43,00:02:44,00:04:39,00:02:09,00:05:31,00:04:24,00:05:17,00:01:09,00:04:53,00:02:43,00:04:54,00:04:24,00:06:11,00:38:42,00:04:24
375,30,Ben Craggs,Ethan Bishop,"Ben Craggs, Ethan Bishop",16-24,01:07:49,4069,67.82,Bilbao,2026,Doubles Men,00:04:50,00:04:22,00:04:22,00:02:12,00:04:26,00:03:26,00:04:21,00:02:45,00:04:28,00:04:57,00:04:23,00:01:49,00:04:17,00:03:29,00:04:24,00:04:19,00:05:09,00:35:26,00:04:17
376,64,Luis Navarro,Eduardo Fernández,"Luis Navarro, Eduardo Fernández",35-39,01:07:49,4069,67.82,Bilbao,2026,Doubles Men,00:04:22,00:04:09,00:04:17,00:02:14,00:04:26,00:03:27,00:04:33,00:03:14,00:04:27,00:04:34,00:04:20,00:01:33,00:04:14,00:03:07,00:04:37,00:04:57,00:05:27,00:35:12,00:04:14
377,2,Mark Westwood,Barrie Mcgregor,"Mark Westwood, Barrie Mcgregor",60-64,01:07:52,4072,67.87,Bilbao,2026,Doubles Men,00:04:32,00:04:15,00:04:09,00:02:12,00:04:18,00:03:48,00:04:17,00:03:23,00:04:33,00:04:28,00:04:23,00:01:35,00:04:26,00:03:32,00:04:42,00:04:56,00:04:31,00:35:15,00:04:09
378,65,Alberto Novo Úbeda,Luis García Hernández-Abad,"Alberto Novo Úbeda, Luis García Hernández-Abad",35-39,01:07:53,4073,67.88,Bilbao,2026,Doubles Men,00:04:54,00:03:54,00:04:24,00:01:39,00:05:02,00:03:26,00:04:41,00:02:51,00:04:56,00:04:14,00:04:56,00:01:37,00:04:47,00:02:49,00:04:56,00:03:48,00:05:06,00:38:32,00:04:24
379,128,Killian Bartley,Finn Hartmann,"Killian Bartley, Finn Hartmann",30-34,01:07:54,4074,67.9,Bilbao,2026,Doubles Men,00:04:15,00:03:57,00:04:14,00:01:29,00:04:58,00:02:46,00:05:01,00:03:14,00:04:58,00:04:32,00:04:50,00:01:35,00:04:33,00:02:53,00:04:39,00:04:14,00:05:52,00:37:24,00:04:14
380,66,Juan Vicente Martínez Sampere,Carlos Costa Rico,"Juan Vicente Martínez Sampere, Carlos Costa Rico",35-39,01:08:00,4080,68.0,Bilbao,2026,Doubles Men,00:04:47,00:04:08,00:04:40,00:01:49,00:04:55,00:03:05,00:04:54,00:02:12,00:04:56,00:04:33,00:05:01,00:01:44,00:05:03,00:02:57,00:04:57,00:03:39,00:04:47,00:39:09,00:04:40
381,67,Emmet Ronan,Cian Ronan,"Emmet Ronan, Cian Ronan",35-39,01:08:02,4082,68.03,Bilbao,2026,Doubles Men,00:04:58,00:04:17,00:04:34,00:02:00,00:04:36,00:03:07,00:04:46,00:03:02,00:04:29,00:04:15,00:04:38,00:01:46,00:04:42,00:03:33,00:04:49,00:03:52,00:04:46,00:37:29,00:04:29
382,129,Omar Jadraque,Manuel Perez,"Omar Jadraque, Manuel Perez",30-34,01:08:03,4083,68.05,Bilbao,2026,Doubles Men,00:05:08,00:04:03,00:04:46,00:01:43,00:04:43,00:03:35,00:04:39,00:02:43,00:04:46,00:04:15,00:04:41,00:01:34,00:04:43,00:02:50,00:04:51,00:04:27,00:04:44,00:38:13,00:04:39
383,87,Ander Carrillo Gómez,Óliver Lázaro Martínez,"Ander Carrillo Gómez, Óliver Lázaro Martínez",25-29,01:08:03,4083,68.05,Bilbao,2026,Doubles Men,00:05:12,00:04:03,00:04:49,00:01:59,00:04:57,00:02:48,00:05:00,00:02:52,00:04:57,00:04:13,00:04:51,00:01:25,00:04:41,00:02:52,00:04:42,00:03:51,00:05:01,00:39:05,00:04:41
384,130,Daniel López Pedrosa,Juanma Guerrero Onrubia,"Daniel López Pedrosa, Juanma Guerrero Onrubia",30-34,01:08:04,4084,68.07,Bilbao,2026,Doubles Men,00:05:28,00:03:43,00:04:49,00:01:41,00:05:01,00:03:10,00:04:57,00:02:17,00:04:49,00:03:58,00:04:53,00:01:19,00:05:02,00:03:02,00:04:49,00:03:42,00:05:31,00:39:44,00:04:49
385,48,Pedro López,Pelayo López,"Pedro López, Pelayo López",40-44,01:08:04,4084,68.07,Bilbao,2026,Doubles Men,00:04:47,00:03:53,00:04:36,00:01:43,00:04:47,00:02:45,00:04:52,00:03:00,00:04:55,00:04:22,00:04:48,00:01:24,00:04:52,00:03:32,00:04:48,00:03:34,00:05:32,00:38:22,00:04:36
386,88,Eneko Aranguren,Gorka Aristi,"Eneko Aranguren, Gorka Aristi",25-29,01:08:05,4085,68.08,Bilbao,2026,Doubles Men,00:04:21,00:03:59,00:04:25,00:02:02,00:04:46,00:04:12,00:04:46,00:02:32,00:04:39,00:04:19,00:04:18,00:01:32,00:04:32,00:03:22,00:04:42,00:03:36,00:06:10,00:36:26,00:04:18
387,131,Guillermo Bueno,Adrian Requena,"Guillermo Bueno, Adrian Requena",30-34,01:08:06,4086,68.1,Bilbao,2026,Doubles Men,00:05:13,00:03:44,00:04:45,00:01:58,00:04:55,00:02:42,00:04:47,00:02:25,00:05:10,00:04:21,00:04:47,00:01:16,00:04:52,00:03:00,00:04:47,00:03:57,00:05:36,00:39:11,00:04:45
388,68,Manuel Claros,Alberto Giralt,"Manuel Claros, Alberto Giralt",35-39,01:08:06,4086,68.1,Bilbao,2026,Doubles Men,00:04:41,00:03:44,00:04:40,00:01:36,00:05:00,00:02:35,00:05:06,00:02:59,00:05:00,00:04:05,00:04:55,00:01:30,00:04:56,00:03:58,00:04:49,00:03:54,00:04:45,00:39:04,00:04:40
389,31,Livio Demonio,Paul Georgeault,"Livio Demonio, Paul Georgeault",16-24,01:08:07,4087,68.12,Bilbao,2026,Doubles Men,00:04:33,00:03:57,00:05:29,00:02:05,00:04:41,00:03:24,00:04:47,00:02:26,00:04:52,00:04:29,00:04:31,00:01:14,00:04:43,00:02:57,00:04:31,00:04:00,00:05:37,00:38:02,00:04:31
390,132,Kevin Armas Melián,Kevin Montesdeoca Martín,"Kevin Armas Melián, Kevin Montesdeoca Martín",30-34,01:08:11,4091,68.18,Bilbao,2026,Doubles Men,00:04:51,00:03:53,00:04:27,00:01:43,00:04:18,00:02:54,00:04:17,00:02:31,00:04:40,00:04:06,00:06:09,00:01:26,00:06:11,00:02:41,00:06:19,00:03:49,00:04:06,00:41:07,00:04:17
391,69,Xavi Tous Clots,Maky Mbaye,"Xavi Tous Clots, Maky Mbaye",35-39,01:08:14,4094,68.23,Bilbao,2026,Doubles Men,00:05:02,00:04:01,00:04:35,00:02:02,00:05:02,00:03:18,00:05:00,00:02:37,00:04:55,00:04:21,00:04:31,00:01:21,00:04:50,00:03:34,00:04:37,00:03:45,00:04:52,00:38:28,00:04:31
392,49,Juan Carlos Perez,Javier Sanguino Garcia,"Juan Carlos Perez, Javier Sanguino Garcia",40-44,01:08:14,4094,68.23,Bilbao,2026,Doubles Men,00:05:18,00:04:00,00:04:53,00:02:11,00:04:58,00:02:53,00:04:57,00:02:16,00:04:55,00:04:15,00:04:46,00:01:28,00:05:03,00:02:47,00:04:54,00:03:43,00:05:04,00:39:41,00:04:46
393,133,Jorge Gallego,Alejandro López,"Jorge Gallego, Alejandro López",30-34,01:08:16,4096,68.27,Bilbao,2026,Doubles Men,00:04:28,00:03:53,00:04:16,00:01:49,00:04:39,00:02:52,00:04:46,00:02:48,00:04:50,00:04:17,00:04:34,00:01:25,00:04:35,00:03:27,00:04:38,00:04:08,00:06:59,00:36:41,00:04:16
394,134,Álvaro García Prats,Guillermo Cortés Poveda,"Álvaro García Prats, Guillermo Cortés Poveda",30-34,01:08:18,4098,68.3,Bilbao,2026,Doubles Men,00:04:35,00:04:07,00:04:24,00:01:55,00:04:39,00:04:03,00:04:30,00:02:53,00:04:42,00:04:27,00:04:20,00:01:34,00:04:43,00:03:33,00:04:47,00:04:25,00:04:48,00:36:37,00:04:20
395,135,Fabrice Kavadioko,Dimitri Niverly,"Fabrice Kavadioko, Dimitri Niverly",30-34,01:08:20,4100,68.33,Bilbao,2026,Doubles Men,00:04:40,00:03:59,00:04:10,00:01:55,00:04:23,00:02:56,00:04:22,00:03:16,00:04:58,00:04:30,00:04:48,00:01:27,00:04:35,00:03:48,00:04:52,00:04:11,00:05:37,00:36:45,00:04:10
396,32,Alfonso Armada Aceña,Francisco José Gabaldón Hermoso,"Alfonso Armada Aceña, Francisco José Gabaldón Hermoso",16-24,01:08:25,4105,68.42,Bilbao,2026,Doubles Men,00:04:15,00:04:01,00:04:10,00:02:36,00:04:40,00:03:16,00:04:48,00:02:50,00:05:06,00:04:32,00:04:53,00:01:27,00:04:57,00:03:25,00:04:37,00:04:02,00:04:57,00:37:23,00:04:10
397,136,Brendan James,Alberto Anton,"Brendan James, Alberto Anton",30-34,01:08:26,4106,68.43,Bilbao,2026,Doubles Men,00:05:05,00:04:19,00:04:34,00:02:02,00:04:32,00:04:09,00:04:24,00:02:59,00:04:24,00:04:33,00:04:18,00:01:40,00:04:30,00:03:55,00:04:13,00:04:14,00:04:42,00:35:57,00:04:13
398,70,Pablo Peralvo Hernandez,David Martínez Martinez,"Pablo Peralvo Hernandez, David Martínez Martinez",35-39,01:08:26,4106,68.43,Bilbao,2026,Doubles Men,00:05:21,00:04:07,00:04:43,00:01:43,00:05:04,00:03:21,00:04:47,00:02:04,00:04:57,00:04:16,00:04:38,00:01:46,00:04:38,00:03:01,00:04:41,00:04:05,00:05:22,00:38:45,00:04:38
399,137,Samuel Pinto Chanca,David Garcia Benavente,"Samuel Pinto Chanca, David Garcia Benavente",30-34,01:08:27,4107,68.45,Bilbao,2026,Doubles Men,00:04:32,00:04:13,00:04:23,00:02:08,00:05:03,00:03:19,00:05:11,00:02:25,00:05:14,00:04:25,00:04:47,00:01:07,00:04:58,00:03:01,00:04:59,00:03:48,00:05:02,00:39:04,00:04:23
400,138,Alejandro Alonso,Gabriel Alejandro Velasco,"Alejandro Alonso, Gabriel Alejandro Velasco",30-34,01:08:27,4107,68.45,Bilbao,2026,Doubles Men,00:04:24,00:03:42,00:04:32,00:01:50,00:04:56,00:03:12,00:05:05,00:02:58,00:04:42,00:04:05,00:04:44,00:01:08,00:04:43,00:03:17,00:04:37,00:04:30,00:06:10,00:37:38,00:04:32
401,89,Victor Vaquero,Miguel Ortiz,"Victor Vaquero, Miguel Ortiz",25-29,01:08:27,4107,68.45,Bilbao,2026,Doubles Men,00:04:46,00:03:48,00:04:38,00:01:48,00:04:57,00:02:54,00:05:02,00:02:28,00:05:12,00:04:03,00:05:09,00:01:22,00:05:12,00:03:02,00:05:22,00:03:34,00:05:19,00:40:14,00:04:38
402,71,Jose Vizmanos,Ignacio Lloves,"Jose Vizmanos, Ignacio Lloves",35-39,01:08:32,4112,68.53,Bilbao,2026,Doubles Men,00:05:00,00:03:59,00:04:31,00:02:11,00:04:38,00:03:02,00:04:49,00:03:25,00:04:49,00:04:06,00:04:53,00:01:36,00:04:47,00:03:03,00:04:59,00:03:46,00:05:04,00:38:23,00:04:31
403,72,Santi Sastre,Bernat Alomar,"Santi Sastre, Bernat Alomar",35-39,01:08:35,4115,68.58,Bilbao,2026,Doubles Men,00:04:11,00:03:50,00:04:11,00:01:50,00:04:15,00:03:04,00:04:10,00:03:00,00:04:20,00:04:14,00:06:11,00:01:18,00:06:11,00:03:16,00:06:19,00:03:54,00:04:30,00:39:43,00:04:10
404,33,Bruno Da Conceiçao Sedano,Ramon Martorell,"Bruno Da Conceiçao Sedano, Ramon Martorell",16-24,01:08:35,4115,68.58,Bilbao,2026,Doubles Men,00:04:54,00:04:09,00:04:13,00:01:47,00:06:14,00:04:13,00:04:34,00:02:12,00:04:38,00:04:20,00:05:52,00:01:21,00:04:15,00:02:48,00:04:10,00:04:47,00:04:16,00:38:47,00:04:10
405,90,Enrique Badiola Bengoechea,Hector San Sebastian Loza,"Enrique Badiola Bengoechea, Hector San Sebastian Loza",25-29,01:08:36,4116,68.6,Bilbao,2026,Doubles Men,00:05:02,00:04:21,00:04:34,00:01:46,00:04:55,00:03:37,00:04:55,00:02:25,00:05:02,00:04:16,00:04:35,00:01:32,00:04:46,00:03:06,00:04:45,00:03:39,00:05:29,00:38:31,00:04:34
406,139,Ricardo Banda,Manuel Alejandro Marquez Saltos,"Ricardo Banda, Manuel Alejandro Marquez Saltos",30-34,01:08:37,4117,68.62,Bilbao,2026,Doubles Men,00:04:48,00:03:59,00:04:27,00:01:52,00:04:39,00:03:28,00:04:48,00:02:48,00:05:15,00:04:22,00:05:02,00:01:17,00:05:06,00:03:19,00:04:50,00:04:05,00:04:38,00:38:52,00:04:27
407,50,David Castro Sanmartin,Guillermo Garcia Lopez,"David Castro Sanmartin, Guillermo Garcia Lopez",40-44,01:08:41,4121,68.68,Bilbao,2026,Doubles Men,00:04:21,00:03:57,00:04:23,00:01:43,00:04:57,00:03:05,00:04:55,00:02:50,00:04:55,00:04:31,00:04:54,00:01:29,00:04:48,00:03:32,00:04:55,00:03:59,00:05:32,00:38:05,00:04:23
408,140,Enrique Ordieres,Asier Ares Elorriaga,"Enrique Ordieres, Asier Ares Elorriaga",30-34,01:08:41,4121,68.68,Bilbao,2026,Doubles Men,00:04:57,00:04:00,00:04:33,00:02:07,00:05:00,00:03:20,00:04:46,00:02:46,00:04:54,00:04:22,00:04:43,00:01:33,00:04:41,00:02:57,00:04:55,00:04:13,00:05:02,00:38:26,00:04:33
409,141,Cristian Perez Leon,Brian Ramírez Cruz,"Cristian Perez Leon, Brian Ramírez Cruz",30-34,01:08:41,4121,68.68,Bilbao,2026,Doubles Men,00:04:29,00:04:00,00:04:12,00:02:21,00:04:20,00:03:37,00:04:33,00:03:15,00:04:40,00:04:21,00:04:30,00:01:55,00:04:24,00:04:18,00:04:32,00:04:48,00:04:34,00:35:37,00:04:12
410,91,Mateo Mena Varona,Javier Vicente Mena Varona,"Mateo Mena Varona, Javier Vicente Mena Varona",25-29,01:08:41,4121,68.68,Bilbao,2026,Doubles Men,00:04:47,00:03:44,00:04:31,00:02:18,00:04:51,00:03:09,00:04:51,00:02:51,00:04:53,00:04:14,00:04:46,00:01:24,00:04:57,00:03:09,00:04:53,00:03:48,00:05:43,00:38:25,00:04:31
411,51,Iñaki Picaza,Tubal Barrio,"Iñaki Picaza, Tubal Barrio",40-44,01:08:43,4123,68.72,Bilbao,2026,Doubles Men,00:04:51,00:04:15,00:04:27,00:01:42,00:04:45,00:02:39,00:04:53,00:02:23,00:05:05,00:04:20,00:04:58,00:01:23,00:04:45,00:03:35,00:04:46,00:04:57,00:05:08,00:38:26,00:04:27
412,73,Anthony Munari,Mickael Munari,"Anthony Munari, Mickael Munari",35-39,01:08:43,4123,68.72,Bilbao,2026,Doubles Men,00:04:58,00:03:51,00:04:43,00:01:45,00:04:56,00:02:59,00:04:56,00:02:33,00:05:02,00:03:57,00:05:03,00:01:30,00:05:14,00:02:42,00:04:56,00:03:56,00:05:52,00:39:44,00:04:43
413,74,Aldo Bresters,Guy Bom,"Aldo Bresters, Guy Bom",35-39,01:08:44,4124,68.73,Bilbao,2026,Doubles Men,00:04:28,00:04:11,00:04:32,00:01:51,00:04:45,00:02:47,00:04:48,00:02:56,00:04:52,00:04:34,00:04:55,00:01:13,00:04:53,00:04:01,00:05:00,00:04:15,00:04:51,00:38:09,00:04:32
414,142,Alejandro Lloris Lara,Diego González Lagos,"Alejandro Lloris Lara, Diego González Lagos",30-34,01:08:46,4126,68.77,Bilbao,2026,Doubles Men,00:05:07,00:03:59,00:04:37,00:01:47,00:04:43,00:03:01,00:04:56,00:02:31,00:05:04,00:04:10,00:04:57,00:01:45,00:05:06,00:03:09,00:05:11,00:03:51,00:05:01,00:39:37,00:04:37
415,75,Daniel Torija Mena,Javier Anton De Soto,"Daniel Torija Mena, Javier Anton De Soto",35-39,01:08:46,4126,68.77,Bilbao,2026,Doubles Men,00:04:29,00:04:03,00:04:11,00:01:49,00:04:39,00:03:23,00:04:53,00:02:46,00:04:51,00:04:26,00:04:35,00:01:23,00:04:27,00:03:25,00:04:32,00:03:30,00:07:32,00:36:34,00:04:11
416,143,Ryan Kibble,Tyler Kibble,"Ryan Kibble, Tyler Kibble",30-34,01:08:48,4128,68.8,Bilbao,2026,Doubles Men,00:04:45,00:04:00,00:04:30,00:02:22,00:04:26,00:03:34,00:04:28,00:03:49,00:04:35,00:04:29,00:04:27,00:01:37,00:04:32,00:04:18,00:04:30,00:04:09,00:04:25,00:36:10,00:04:26
417,76,Joaquin Velasco Ortiz,Pablo Garde Martin,"Joaquin Velasco Ortiz, Pablo Garde Martin",35-39,01:08:50,4130,68.83,Bilbao,2026,Doubles Men,00:04:34,00:04:00,00:04:20,00:01:40,00:04:38,00:04:28,00:04:35,00:02:50,00:05:01,00:04:41,00:04:32,00:01:15,00:04:31,00:03:43,00:04:13,00:04:50,00:05:06,00:36:21,00:04:13
418,77,Joao Sequeira,Tiago Santos,"Joao Sequeira, Tiago Santos",35-39,01:08:51,4131,68.85,Bilbao,2026,Doubles Men,00:04:52,00:03:54,00:04:44,00:01:44,00:04:54,00:03:23,00:04:59,00:02:56,00:04:58,00:04:33,00:04:45,00:01:23,00:04:39,00:03:27,00:04:46,00:04:00,00:05:02,00:38:34,00:04:39
419,144,Vicente Sevillano Martinez,Luis Eduardo Carreño Pinto,"Vicente Sevillano Martinez, Luis Eduardo Carreño Pinto",30-34,01:08:58,4138,68.97,Bilbao,2026,Doubles Men,00:04:13,00:03:52,00:04:16,00:02:13,00:04:44,00:03:41,00:04:47,00:02:54,00:04:36,00:04:36,00:04:34,00:01:38,00:04:59,00:04:14,00:04:41,00:04:11,00:04:57,00:36:47,00:04:16
420,145,Mikel Agirregomezkorta,Iker Indurain Torre,"Mikel Agirregomezkorta, Iker Indurain Torre",30-34,01:08:59,4139,68.98,Bilbao,2026,Doubles Men,00:05:12,00:04:08,00:04:35,00:01:58,00:04:48,00:02:46,00:04:47,00:02:25,00:04:47,00:04:18,00:04:27,00:01:36,00:05:23,00:03:28,00:04:59,00:03:33,00:05:56,00:38:55,00:04:27
421,146,Cesar Rojas,Ivan Diez-Liebana,"Cesar Rojas, Ivan Diez-Liebana",30-34,01:09:00,4140,69.0,Bilbao,2026,Doubles Men,00:04:40,00:03:58,00:04:25,00:01:48,00:04:43,00:03:13,00:04:42,00:02:52,00:04:46,00:04:24,00:04:30,00:01:24,00:04:38,00:03:45,00:04:59,00:04:14,00:06:08,00:37:18,00:04:25
422,92,Beñat Urmeneta,Pedro Murillo,"Beñat Urmeneta, Pedro Murillo",25-29,01:09:01,4141,69.02,Bilbao,2026,Doubles Men,00:04:54,00:03:57,00:04:23,00:02:14,00:04:37,00:03:25,00:04:47,00:02:57,00:04:47,00:04:24,00:04:44,00:01:32,00:04:32,00:03:16,00:04:45,00:04:17,00:05:39,00:37:26,00:04:23
423,93,Asier Orueta,Oier Madariaga,"Asier Orueta, Oier Madariaga",25-29,01:09:02,4142,69.03,Bilbao,2026,Doubles Men,00:05:03,00:03:52,00:04:36,00:01:39,00:04:47,00:02:36,00:04:58,00:02:42,00:05:05,00:04:05,00:06:37,00:01:50,00:04:58,00:03:24,00:04:46,00:03:35,00:04:39,00:40:46,00:04:36
424,78,Ruben Moreno Molina,Carlos Manuel Gonzalez Blanco,"Ruben Moreno Molina, Carlos Manuel Gonzalez Blanco",35-39,01:09:02,4142,69.03,Bilbao,2026,Doubles Men,00:05:05,00:03:48,00:04:44,00:01:46,00:04:52,00:03:11,00:04:44,00:02:39,00:04:44,00:04:31,00:04:44,00:01:34,00:04:38,00:04:03,00:04:42,00:04:16,00:05:12,00:38:08,00:04:38
425,79,Mathieu Dayres,Florian Campagnole,"Mathieu Dayres, Florian Campagnole",35-39,01:09:03,4143,69.05,Bilbao,2026,Doubles Men,00:04:37,00:03:56,00:04:23,00:01:45,00:05:01,00:03:31,00:04:46,00:02:21,00:04:59,00:04:30,00:05:22,00:01:13,00:05:12,00:02:39,00:05:14,00:04:09,00:05:33,00:39:31,00:04:23
426,80,Javier Molina,Fausto Sanchez,"Javier Molina, Fausto Sanchez",35-39,01:09:04,4144,69.07,Bilbao,2026,Doubles Men,00:04:46,00:04:01,00:04:32,00:01:53,00:04:41,00:03:27,00:04:38,00:03:25,00:04:50,00:04:20,00:04:49,00:01:27,00:05:00,00:03:29,00:05:07,00:03:52,00:04:55,00:38:19,00:04:32
427,52,Oscar Albala,Iñaki Gurendez,"Oscar Albala, Iñaki Gurendez",40-44,01:09:06,4146,69.1,Bilbao,2026,Doubles Men,00:05:02,00:04:06,00:04:40,00:01:52,00:04:44,00:03:00,00:04:47,00:03:02,00:04:49,00:04:31,00:04:48,00:01:29,00:04:37,00:03:45,00:04:45,00:03:49,00:05:30,00:38:08,00:04:37
428,34,Lander Azkarate Ormazabal,Eneko Lanchas Reve,"Lander Azkarate Ormazabal, Eneko Lanchas Reve",16-24,01:09:07,4147,69.12,Bilbao,2026,Doubles Men,00:05:13,00:04:12,00:04:45,00:02:01,00:04:47,00:03:34,00:04:48,00:02:49,00:04:51,00:04:16,00:04:52,00:01:21,00:05:08,00:02:47,00:05:04,00:03:55,00:04:51,00:39:26,00:04:45
429,94,Alvaro Pilco Fuertes,Eugenio Isern Pomar,"Alvaro Pilco Fuertes, Eugenio Isern Pomar",25-29,01:09:08,4148,69.13,Bilbao,2026,Doubles Men,00:04:49,00:04:14,00:04:25,00:01:38,00:04:41,00:03:03,00:04:40,00:02:47,00:04:41,00:04:33,00:04:44,00:01:33,00:04:48,00:03:38,00:04:46,00:03:58,00:06:18,00:37:31,00:04:25
430,95,Nathan Tibi,Lilyan Baltaze,"Nathan Tibi, Lilyan Baltaze",25-29,01:09:10,4150,69.17,Bilbao,2026,Doubles Men,00:04:35,00:03:59,00:04:34,00:01:50,00:04:48,00:03:05,00:04:58,00:02:18,00:05:12,00:04:20,00:05:01,00:01:18,00:05:19,00:03:25,00:05:09,00:04:08,00:05:21,00:39:32,00:04:34
431,96,Alex Sudupe,Kepa Goenaga,"Alex Sudupe, Kepa Goenaga",25-29,01:09:13,4153,69.22,Bilbao,2026,Doubles Men,00:04:58,00:04:05,00:04:48,00:01:39,00:05:14,00:03:39,00:05:05,00:02:16,00:05:02,00:04:20,00:04:55,00:01:19,00:04:51,00:02:58,00:04:39,00:03:49,00:05:44,00:39:28,00:04:39
432,97,Victor Diaz,Roger Marrase,"Victor Diaz, Roger Marrase",25-29,01:09:14,4154,69.23,Bilbao,2026,Doubles Men,00:04:46,00:04:05,00:04:21,00:01:57,00:04:44,00:03:44,00:04:43,00:02:32,00:04:42,00:04:28,00:04:32,00:01:38,00:04:18,00:03:18,00:04:54,00:04:00,00:06:40,00:36:55,00:04:18
433,35,Oier Godinez,Mikel Maiza,"Oier Godinez, Mikel Maiza",16-24,01:09:15,4155,69.25,Bilbao,2026,Doubles Men,00:04:36,00:04:08,00:04:19,00:02:03,00:04:53,00:04:35,00:05:01,00:02:25,00:05:14,00:04:31,00:04:50,00:01:42,00:04:39,00:03:05,00:05:11,00:03:41,00:04:30,00:38:39,00:04:19
434,147,Manuel Echanove,Nacho De Los Ríos Correa,"Manuel Echanove, Nacho De Los Ríos Correa",30-34,01:09:16,4156,69.27,Bilbao,2026,Doubles Men,00:04:37,00:04:22,00:04:26,00:01:36,00:04:42,00:03:09,00:05:23,00:02:21,00:05:09,00:04:22,00:04:47,00:01:14,00:04:57,00:03:00,00:05:05,00:04:30,00:05:43,00:39:02,00:04:26
435,53,Angel Campa,Juan Francisco Rumbo Riesgo,"Angel Campa, Juan Francisco Rumbo Riesgo",40-44,01:09:19,4159,69.32,Bilbao,2026,Doubles Men,00:05:12,00:04:12,00:04:39,00:01:42,00:04:52,00:02:42,00:04:53,00:02:47,00:04:57,00:04:23,00:04:53,00:01:09,00:04:49,00:03:52,00:05:02,00:04:01,00:05:21,00:39:14,00:04:39
436,148,Álvaro Santos,Alejandro Ruiz,"Álvaro Santos, Alejandro Ruiz",30-34,01:09:20,4160,69.33,Bilbao,2026,Doubles Men,00:04:56,00:04:19,00:04:29,00:01:48,00:04:43,00:03:26,00:04:37,00:03:09,00:04:42,00:04:21,00:04:49,00:01:51,00:05:08,00:03:40,00:04:44,00:03:56,00:04:50,00:38:04,00:04:29
437,98,Patxi Mendialdua De Lecea,Joseba Martínez-Amutio,"Patxi Mendialdua De Lecea, Joseba Martínez-Amutio",25-29,01:09:21,4161,69.35,Bilbao,2026,Doubles Men,00:05:06,00:04:07,00:04:33,00:01:26,00:04:54,00:03:02,00:04:46,00:02:21,00:04:59,00:04:34,00:04:58,00:01:14,00:05:03,00:03:11,00:05:23,00:03:59,00:05:54,00:39:39,00:04:33
438,54,Ramón Rodríguez Puente,Victor Zaragoza González,"Ramón Rodríguez Puente, Victor Zaragoza González",40-44,01:09:23,4163,69.38,Bilbao,2026,Doubles Men,00:04:42,00:04:08,00:04:32,00:02:09,00:04:48,00:03:19,00:05:10,00:02:55,00:04:51,00:04:33,00:04:41,00:01:25,00:04:37,00:02:58,00:05:12,00:04:44,00:04:48,00:38:28,00:04:32
439,36,Korey Fogarty,Dylan Fogarty,"Korey Fogarty, Dylan Fogarty",16-24,01:09:23,4163,69.38,Bilbao,2026,Doubles Men,00:04:42,00:04:06,00:04:40,00:02:00,00:04:52,00:03:39,00:04:39,00:02:35,00:04:41,00:04:32,00:04:51,00:01:53,00:04:44,00:04:05,00:04:58,00:03:38,00:04:57,00:38:03,00:04:39
440,149,Kim Gervaud,Benjamin Salha,"Kim Gervaud, Benjamin Salha",30-34,01:09:24,4164,69.4,Bilbao,2026,Doubles Men,00:05:25,00:04:04,00:05:00,00:01:53,00:05:12,00:03:55,00:04:54,00:02:31,00:05:02,00:04:17,00:04:47,00:01:15,00:04:44,00:02:46,00:04:44,00:04:12,00:04:52,00:39:44,00:04:44
441,150,Juan Fernando Navarro Blaya,Antonio Alcaraz,"Juan Fernando Navarro Blaya, Antonio Alcaraz",30-34,01:09:25,4165,69.42,Bilbao,2026,Doubles Men,00:04:59,00:03:53,00:04:51,00:01:45,00:05:00,00:03:03,00:04:58,00:02:51,00:04:47,00:04:07,00:04:54,00:01:29,00:04:44,00:03:08,00:04:48,00:04:20,00:05:54,00:38:58,00:04:44
442,99,Mateu Rebassa Bosch,Pablo Gómez-Reino Sastre,"Mateu Rebassa Bosch, Pablo Gómez-Reino Sastre",25-29,01:09:25,4165,69.42,Bilbao,2026,Doubles Men,00:04:59,00:04:07,00:04:14,00:02:22,00:04:45,00:03:56,00:04:40,00:02:46,00:04:46,00:04:42,00:04:38,00:01:38,00:04:40,00:03:42,00:04:43,00:04:07,00:04:48,00:37:21,00:04:14
443,81,Héctor Gisbert Bernal,Carlos Mazon Abril,"Héctor Gisbert Bernal, Carlos Mazon Abril",35-39,01:09:29,4169,69.48,Bilbao,2026,Doubles Men,00:05:19,00:04:11,00:04:49,00:01:33,00:05:06,00:02:45,00:05:12,00:02:52,00:05:26,00:04:26,00:04:53,00:01:14,00:04:37,00:03:01,00:04:26,00:04:25,00:05:22,00:39:45,00:04:26
444,37,Quentin Oriat,Charles Blomme,"Quentin Oriat, Charles Blomme",16-24,01:09:32,4172,69.53,Bilbao,2026,Doubles Men,00:05:00,00:04:18,00:04:25,00:02:31,00:04:27,00:04:42,00:04:29,00:02:37,00:04:38,00:04:31,00:04:38,00:01:45,00:04:29,00:03:03,00:04:39,00:04:02,00:05:25,00:36:42,00:04:25
445,151,Alejandro Aricha Gomez,Juan Santos Varea,"Alejandro Aricha Gomez, Juan Santos Varea",30-34,01:09:33,4173,69.55,Bilbao,2026,Doubles Men,00:04:55,00:04:25,00:04:26,00:02:00,00:04:44,00:03:24,00:04:44,00:02:54,00:04:44,00:04:35,00:04:39,00:01:26,00:04:40,00:03:51,00:04:40,00:04:15,00:05:18,00:37:29,00:04:26
446,100,Diego García Escudero,David García Enfedaque,"Diego García Escudero, David García Enfedaque",25-29,01:09:36,4176,69.6,Bilbao,2026,Doubles Men,00:04:53,00:04:06,00:04:36,00:02:17,00:04:56,00:03:12,00:04:52,00:03:19,00:04:52,00:04:11,00:04:44,00:01:49,00:04:42,00:03:14,00:04:41,00:04:21,00:05:01,00:38:11,00:04:36
447,82,Timme Jongmans,Peter Jongmans,"Timme Jongmans, Peter Jongmans",35-39,01:09:37,4177,69.62,Bilbao,2026,Doubles Men,00:04:52,00:04:05,00:04:33,00:02:08,00:04:46,00:03:24,00:04:50,00:03:44,00:05:03,00:04:25,00:04:56,00:01:33,00:05:05,00:02:50,00:04:57,00:03:45,00:04:47,00:39:01,00:04:33
448,83,Marc Llinàs,David Ricardo Tafur Diche,"Marc Llinàs, David Ricardo Tafur Diche",35-39,01:09:39,4179,69.65,Bilbao,2026,Doubles Men,00:04:47,00:04:01,00:04:26,00:01:52,00:04:51,00:02:49,00:05:08,00:03:15,00:05:03,00:04:44,00:04:55,00:01:21,00:05:11,00:03:23,00:05:17,00:03:53,00:04:50,00:39:34,00:04:26
449,152,Enrique Tovar Cano,Guillermo Rubio García,"Enrique Tovar Cano, Guillermo Rubio García",30-34,01:09:39,4179,69.65,Bilbao,2026,Doubles Men,00:05:06,00:03:53,00:04:40,00:01:36,00:05:04,00:03:01,00:04:54,00:03:21,00:04:50,00:04:01,00:05:04,00:01:34,00:05:11,00:03:32,00:04:54,00:03:39,00:05:26,00:39:39,00:04:40
450,55,Daniel Santamaría Sánchez,Sergio Sanjurjo Garcia,"Daniel Santamaría Sánchez, Sergio Sanjurjo Garcia",40-44,01:09:40,4180,69.67,Bilbao,2026,Doubles Men,00:04:37,00:04:15,00:04:23,00:02:11,00:04:28,00:03:45,00:04:32,00:02:46,00:04:49,00:04:33,00:04:41,00:01:22,00:04:43,00:03:20,00:04:48,00:04:52,00:05:41,00:36:59,00:04:23
451,84,Marc Ballbe,Sergi Huertas,"Marc Ballbe, Sergi Huertas",35-39,01:09:40,4180,69.67,Bilbao,2026,Doubles Men,00:05:07,00:04:13,00:04:35,00:01:58,00:04:51,00:03:19,00:04:56,00:03:00,00:04:52,00:04:23,00:04:41,00:01:30,00:04:58,00:03:30,00:04:51,00:03:38,00:05:25,00:38:48,00:04:35
452,101,Alberto Botticelli,Andrea Rubino,"Alberto Botticelli, Andrea Rubino",25-29,01:09:44,4184,69.73,Bilbao,2026,Doubles Men,00:05:20,00:04:03,00:04:50,00:01:54,00:05:14,00:03:17,00:05:01,00:02:21,00:05:03,00:04:24,00:04:49,00:01:29,00:04:36,00:03:07,00:04:35,00:03:41,00:06:06,00:39:26,00:04:35
453,153,Fred Monteiro,Guilherme Andrade,"Fred Monteiro, Guilherme Andrade",30-34,01:09:47,4187,69.78,Bilbao,2026,Doubles Men,00:04:56,00:03:55,00:04:44,00:01:54,00:04:54,00:03:05,00:05:00,00:03:20,00:04:59,00:04:13,00:04:56,00:01:33,00:04:58,00:03:05,00:05:05,00:04:19,00:05:00,00:39:28,00:04:44
454,85,Florian Bats,Francois Montier,"Florian Bats, Francois Montier",35-39,01:09:49,4189,69.82,Bilbao,2026,Doubles Men,00:04:25,00:03:56,00:04:17,00:02:09,00:04:40,00:03:34,00:04:43,00:03:41,00:04:58,00:04:19,00:05:03,00:01:34,00:04:43,00:03:21,00:04:51,00:03:41,00:06:04,00:37:36,00:04:17
455,154,Miguel Ángel Fernández Palomares,Alexander Orquera Barrera,"Miguel Ángel Fernández Palomares, Alexander Orquera Barrera",30-34,01:09:50,4190,69.83,Bilbao,2026,Doubles Men,00:05:01,00:04:13,00:04:29,00:01:56,00:04:42,00:03:05,00:04:42,00:03:00,00:05:12,00:04:32,00:04:46,00:01:08,00:05:16,00:03:26,00:04:53,00:04:24,00:05:14,00:38:57,00:04:29
456,56,Antonio Martínez Cáceres,Pedro Sánchez Hernández,"Antonio Martínez Cáceres, Pedro Sánchez Hernández",40-44,01:09:51,4191,69.85,Bilbao,2026,Doubles Men,00:05:11,00:03:57,00:04:59,00:01:38,00:05:21,00:02:55,00:05:08,00:02:22,00:05:21,00:04:18,00:04:57,00:01:14,00:05:11,00:03:31,00:04:40,00:03:48,00:05:29,00:40:43,00:04:40
457,102,Alex Blazer,George Dear,"Alex Blazer, George Dear",25-29,01:09:56,4196,69.93,Bilbao,2026,Doubles Men,00:05:10,00:04:09,00:04:40,00:01:35,00:04:44,00:03:18,00:04:47,00:03:35,00:04:52,00:04:29,00:04:36,00:01:16,00:04:41,00:03:31,00:05:01,00:04:38,00:05:01,00:38:28,00:04:36
458,155,Sergio Torija Ortega,Víctor Sánchez Castellano,"Sergio Torija Ortega, Víctor Sánchez Castellano",30-34,01:09:56,4196,69.93,Bilbao,2026,Doubles Men,00:05:18,00:03:56,00:04:59,00:01:54,00:04:55,00:02:50,00:05:08,00:02:26,00:05:12,00:04:14,00:04:50,00:01:31,00:05:03,00:03:26,00:04:36,00:04:06,00:05:40,00:39:58,00:04:36
459,86,Adrian Gomez Sans,Marcus Schmidmeier Arquelladas,"Adrian Gomez Sans, Marcus Schmidmeier Arquelladas",35-39,01:09:56,4196,69.93,Bilbao,2026,Doubles Men,00:05:02,00:03:52,00:04:42,00:02:06,00:05:02,00:03:01,00:04:55,00:03:01,00:04:45,00:04:27,00:04:37,00:01:31,00:04:31,00:03:20,00:04:56,00:03:51,00:06:27,00:38:26,00:04:31
460,156,Daniel Martinez Gonzalez,Oscar Martinez Gonzalez,"Daniel Martinez Gonzalez, Oscar Martinez Gonzalez",30-34,01:09:57,4197,69.95,Bilbao,2026,Doubles Men,00:04:30,00:04:16,00:04:12,00:02:02,00:04:25,00:03:23,00:04:26,00:04:23,00:04:27,00:04:26,00:04:43,00:01:25,00:04:32,00:04:29,00:04:19,00:05:06,00:05:02,00:35:30,00:04:12
461,38,Mattéo Lequellec,Thomas Lugand,"Mattéo Lequellec, Thomas Lugand",16-24,01:09:57,4197,69.95,Bilbao,2026,Doubles Men,00:05:01,00:04:13,00:04:39,00:01:29,00:05:00,00:03:23,00:04:58,00:02:46,00:05:06,00:04:45,00:04:54,00:01:26,00:04:46,00:02:52,00:04:32,00:04:28,00:05:46,00:38:54,00:04:32
462,103,Fede Hens,Arturo Fernandez,"Fede Hens, Arturo Fernandez",25-29,01:09:57,4197,69.95,Bilbao,2026,Doubles Men,00:05:07,00:04:03,00:04:46,00:01:46,00:05:03,00:03:34,00:04:58,00:02:51,00:04:57,00:04:33,00:04:41,00:01:14,00:04:53,00:03:39,00:04:48,00:03:59,00:05:13,00:39:09,00:04:41
463,39,Joaquin Fernandez Navarro,Alvaro López Grande,"Joaquin Fernandez Navarro, Alvaro López Grande",16-24,01:09:58,4198,69.97,Bilbao,2026,Doubles Men,00:04:46,00:03:56,00:04:26,00:02:10,00:04:40,00:04:02,00:04:35,00:03:09,00:04:39,00:05:06,00:04:39,00:01:53,00:04:30,00:03:04,00:04:43,00:04:39,00:05:08,00:36:56,00:04:26
464,157,Pablo Dominguez Pérez,Nicolas Leclere,"Pablo Dominguez Pérez, Nicolas Leclere",30-34,01:09:58,4198,69.97,Bilbao,2026,Doubles Men,00:05:11,00:04:09,00:04:34,00:01:53,00:04:45,00:02:49,00:05:05,00:02:58,00:05:03,00:04:15,00:04:56,00:01:37,00:04:52,00:04:05,00:05:03,00:03:47,00:05:05,00:39:26,00:04:34
465,87,Sabino Santana,Alexandre Durão,"Sabino Santana, Alexandre Durão",35-39,01:09:59,4199,69.98,Bilbao,2026,Doubles Men,00:04:51,00:03:45,00:04:35,00:01:57,00:04:49,00:03:17,00:04:53,00:03:20,00:05:07,00:04:19,00:04:51,00:01:33,00:04:37,00:03:01,00:04:48,00:03:54,00:06:30,00:38:28,00:04:35
466,158,Vivien Massoubre,Clément Senechault,"Vivien Massoubre, Clément Senechault",30-34,01:09:59,4199,69.98,Bilbao,2026,Doubles Men,00:05:01,00:03:52,00:04:42,00:01:58,00:04:53,00:03:33,00:04:52,00:02:47,00:05:01,00:04:12,00:04:52,00:01:22,00:05:03,00:03:04,00:05:11,00:04:12,00:05:34,00:39:30,00:04:42
467,104,Miguel Beltrán Sanchez,Manuel González Blanco,"Miguel Beltrán Sanchez, Manuel González Blanco",25-29,01:10:00,4200,70.0,Bilbao,2026,Doubles Men,00:04:52,00:03:59,00:04:48,00:01:33,00:04:58,00:02:43,00:05:02,00:02:47,00:05:06,00:04:30,00:04:51,00:01:13,00:04:34,00:03:03,00:04:38,00:04:36,00:06:54,00:38:46,00:04:34
468,105,Ibai Madinabeitia Bilbao,Jon Alcain Sein,"Ibai Madinabeitia Bilbao, Jon Alcain Sein",25-29,01:10:00,4200,70.0,Bilbao,2026,Doubles Men,00:05:26,00:04:02,00:04:54,00:01:51,00:05:02,00:02:46,00:05:26,00:02:24,00:05:20,00:04:05,00:05:24,00:01:12,00:05:13,00:02:52,00:04:49,00:03:52,00:05:30,00:41:30,00:04:49
469,57,Nicolas Pontacq,Teddy Mallet,"Nicolas Pontacq, Teddy Mallet",40-44,01:10:01,4201,70.02,Bilbao,2026,Doubles Men,00:04:58,00:03:57,00:04:40,00:01:38,00:04:55,00:03:02,00:05:20,00:02:38,00:05:23,00:04:06,00:05:06,00:01:19,00:04:53,00:03:11,00:04:38,00:04:10,00:06:14,00:39:50,00:04:38
470,106,Diego Guerra,Jorge Estrada,"Diego Guerra, Jorge Estrada",25-29,01:10:03,4203,70.05,Bilbao,2026,Doubles Men,00:05:35,00:04:00,00:05:01,00:01:30,00:05:18,00:02:37,00:05:15,00:01:38,00:05:17,00:04:22,00:05:15,00:01:24,00:05:10,00:02:47,00:05:05,00:03:57,00:05:58,00:41:54,00:05:01
471,159,Alex Fernandez Estefanía,Pablo Garcia Monco,"Alex Fernandez Estefanía, Pablo Garcia Monco",30-34,01:10:05,4205,70.08,Bilbao,2026,Doubles Men,00:05:09,00:04:16,00:04:31,00:01:52,00:04:45,00:03:10,00:04:50,00:03:22,00:04:48,00:04:46,00:04:38,00:01:38,00:04:49,00:03:15,00:04:54,00:04:08,00:05:23,00:38:20,00:04:31
472,160,Alex Marugan Soria,Santi Castillo,"Alex Marugan Soria, Santi Castillo",30-34,01:10:07,4207,70.12,Bilbao,2026,Doubles Men,00:05:01,00:04:03,00:04:36,00:01:53,00:04:41,00:03:14,00:04:49,00:02:52,00:04:53,00:04:16,00:04:43,00:01:26,00:04:54,00:03:30,00:06:49,00:03:52,00:04:43,00:40:24,00:04:36
473,107,Alberto González,Alberto Antolin,"Alberto González, Alberto Antolin",25-29,01:10:08,4208,70.13,Bilbao,2026,Doubles Men,00:04:50,00:04:03,00:04:36,00:02:01,00:04:55,00:03:04,00:04:57,00:03:31,00:05:11,00:04:22,00:04:57,00:01:27,00:04:55,00:03:14,00:05:01,00:03:57,00:05:15,00:39:19,00:04:36
474,40,Joaquín Sánchez Torá,Jaime Senent García,"Joaquín Sánchez Torá, Jaime Senent García",16-24,01:10:10,4210,70.17,Bilbao,2026,Doubles Men,00:04:52,00:03:52,00:04:37,00:02:07,00:04:58,00:03:05,00:04:59,00:02:21,00:05:23,00:04:18,00:05:17,00:01:24,00:05:01,00:03:41,00:04:57,00:03:54,00:05:32,00:40:00,00:04:37
475,88,Guillaume Minvielle,Maxime Chagneux,"Guillaume Minvielle, Maxime Chagneux",35-39,01:10:14,4214,70.23,Bilbao,2026,Doubles Men,00:04:12,00:04:04,00:04:08,00:01:51,00:05:13,00:03:54,00:04:37,00:03:01,00:04:34,00:04:27,00:04:39,00:01:41,00:04:29,00:03:52,00:05:00,00:04:40,00:06:01,00:36:47,00:04:08
476,89,Manuel Frank,Marco Novak,"Manuel Frank, Marco Novak",35-39,01:10:15,4215,70.25,Bilbao,2026,Doubles Men,00:05:07,00:04:08,00:04:40,00:02:12,00:05:11,00:03:22,00:05:15,00:02:36,00:05:07,00:04:14,00:04:57,00:01:25,00:04:55,00:03:18,00:05:01,00:03:51,00:05:05,00:40:09,00:04:40
477,161,David Rodriguez,Fernando Orteso,"David Rodriguez, Fernando Orteso",30-34,01:10:18,4218,70.3,Bilbao,2026,Doubles Men,00:05:17,00:03:57,00:04:55,00:02:05,00:04:56,00:03:11,00:04:52,00:02:56,00:05:05,00:04:18,00:04:58,00:01:46,00:04:53,00:03:12,00:05:02,00:03:46,00:05:18,00:39:53,00:04:52
478,108,Ivo Mancini,Javier Savino,"Ivo Mancini, Javier Savino",25-29,01:10:20,4220,70.33,Bilbao,2026,Doubles Men,00:04:55,00:03:58,00:04:28,00:02:09,00:04:55,00:03:03,00:04:55,00:02:50,00:05:10,00:04:33,00:04:56,00:01:18,00:04:59,00:03:21,00:05:18,00:04:22,00:05:17,00:39:33,00:04:28
479,109,David Prados Medina,Mikel Uriarte Guede,"David Prados Medina, Mikel Uriarte Guede",25-29,01:10:21,4221,70.35,Bilbao,2026,Doubles Men,00:05:28,00:04:11,00:04:50,00:02:03,00:04:52,00:03:12,00:04:51,00:02:49,00:04:56,00:04:16,00:04:47,00:01:36,00:04:42,00:03:42,00:04:40,00:04:28,00:05:05,00:39:03,00:04:40
480,41,Marc Giribet Gargallo,Adrian Seco Portella,"Marc Giribet Gargallo, Adrian Seco Portella",16-24,01:10:22,4222,70.37,Bilbao,2026,Doubles Men,00:05:01,00:04:01,00:04:41,00:01:39,00:05:05,00:03:14,00:05:08,00:02:43,00:05:09,00:04:22,00:05:03,00:01:30,00:05:01,00:03:33,00:05:10,00:03:56,00:05:14,00:40:13,00:04:41
481,162,Afonso Ferreira,Gonçalo Ferreira,"Afonso Ferreira, Gonçalo Ferreira",30-34,01:10:24,4224,70.4,Bilbao,2026,Doubles Men,00:04:51,00:04:04,00:04:32,00:01:55,00:05:00,00:03:02,00:05:22,00:03:10,00:05:27,00:04:25,00:05:07,00:01:29,00:04:59,00:03:24,00:04:50,00:03:50,00:05:04,00:40:04,00:04:32
482,163,David Moya,Raúl Bravo,"David Moya, Raúl Bravo",30-34,01:10:24,4224,70.4,Bilbao,2026,Doubles Men,00:04:21,00:04:04,00:04:25,00:01:48,00:04:38,00:03:18,00:04:51,00:02:59,00:04:52,00:04:15,00:05:05,00:01:41,00:05:03,00:03:32,00:05:16,00:03:52,00:06:32,00:38:28,00:04:25
483,110,Carlos Bastos,Bernardo Almeida,"Carlos Bastos, Bernardo Almeida",25-29,01:10:26,4226,70.43,Bilbao,2026,Doubles Men,00:04:36,00:04:24,00:04:40,00:01:41,00:04:53,00:03:11,00:04:55,00:02:24,00:05:10,00:04:46,00:05:03,00:01:26,00:04:52,00:03:27,00:04:49,00:04:20,00:05:56,00:38:55,00:04:40
484,111,Aingeru Raton,Imanol Telletxea,"Aingeru Raton, Imanol Telletxea",25-29,01:10:27,4227,70.45,Bilbao,2026,Doubles Men,00:05:44,00:04:03,00:05:06,00:01:39,00:05:08,00:03:03,00:05:02,00:02:47,00:05:12,00:04:14,00:04:54,00:01:18,00:04:54,00:03:29,00:04:54,00:03:47,00:05:21,00:40:51,00:04:54
485,112,Clement Ghisi,Louis Barbarin,"Clement Ghisi, Louis Barbarin",25-29,01:10:28,4228,70.47,Bilbao,2026,Doubles Men,00:04:54,00:03:46,00:04:39,00:01:47,00:04:58,00:02:58,00:04:51,00:02:54,00:05:01,00:04:20,00:05:03,00:01:35,00:04:51,00:03:35,00:05:08,00:03:58,00:06:19,00:39:21,00:04:39
486,113,Álvaro Amigó,Daniel Gomez,"Álvaro Amigó, Daniel Gomez",25-29,01:10:29,4229,70.48,Bilbao,2026,Doubles Men,00:04:45,00:04:03,00:04:17,00:01:29,00:04:44,00:03:34,00:04:44,00:03:02,00:05:00,00:04:59,00:04:43,00:01:43,00:04:51,00:03:32,00:05:12,00:05:06,00:04:55,00:38:11,00:04:17
487,114,Diego Cabellloalonsodiego@Gamil.Vom,Javier Mico Requena,"Diego Cabellloalonsodiego@Gamil.Vom, Javier Mico Requena",25-29,01:10:30,4230,70.5,Bilbao,2026,Doubles Men,00:05:11,00:04:11,00:04:44,00:01:57,00:04:49,00:03:41,00:04:41,00:03:09,00:04:43,00:04:23,00:04:35,00:01:27,00:04:47,00:03:54,00:05:01,00:04:19,00:05:05,00:38:28,00:04:35
488,164,Francisco Jose Lapi Cerezo,Alejandro Navarro Martin,"Francisco Jose Lapi Cerezo, Alejandro Navarro Martin",30-34,01:10:31,4231,70.52,Bilbao,2026,Doubles Men,00:04:59,00:04:01,00:04:53,00:02:14,00:05:00,00:03:20,00:04:53,00:02:38,00:05:00,00:04:19,00:04:56,00:01:39,00:05:00,00:03:39,00:04:58,00:04:00,00:05:08,00:39:37,00:04:53
489,90,Roberto Serrano,Guillermo Serrano,"Roberto Serrano, Guillermo Serrano",35-39,01:10:34,4234,70.57,Bilbao,2026,Doubles Men,00:04:50,00:04:07,00:04:32,00:02:06,00:04:43,00:03:21,00:04:42,00:03:14,00:05:02,00:04:32,00:04:52,00:01:41,00:04:53,00:03:18,00:05:00,00:03:31,00:06:18,00:38:31,00:04:32
490,42,Manuel De Guglielmo,Alex Alcantarilla Pérez,"Manuel De Guglielmo, Alex Alcantarilla Pérez",16-24,01:10:34,4234,70.57,Bilbao,2026,Doubles Men,00:03:58,00:03:54,00:04:01,00:02:41,00:04:49,00:04:12,00:04:22,00:03:10,00:04:50,00:04:49,00:04:41,00:01:55,00:04:35,00:03:07,00:05:16,00:04:14,00:06:09,00:36:28,00:04:01
491,115,Miguel Muñoz,Juan Gil,"Miguel Muñoz, Juan Gil",25-29,01:10:34,4234,70.57,Bilbao,2026,Doubles Men,00:04:41,00:04:16,00:04:23,00:02:13,00:04:51,00:03:53,00:04:49,00:03:24,00:04:55,00:04:32,00:04:34,00:01:47,00:04:34,00:04:04,00:04:46,00:04:31,00:04:30,00:37:29,00:04:23
492,91,Kilian Alonso Tejera,Richard Díaz Aguilar,"Kilian Alonso Tejera, Richard Díaz Aguilar",35-39,01:10:37,4237,70.62,Bilbao,2026,Doubles Men,00:05:09,00:04:00,00:04:44,00:01:29,00:05:08,00:03:26,00:04:58,00:02:24,00:05:08,00:04:40,00:04:56,00:01:26,00:04:55,00:03:41,00:04:56,00:04:16,00:05:30,00:39:50,00:04:44
493,92,Éric Taimourlank,Steve Feron,"Éric Taimourlank, Steve Feron",35-39,01:10:44,4244,70.73,Bilbao,2026,Doubles Men,00:04:34,00:03:41,00:04:29,00:01:44,00:04:51,00:02:38,00:04:58,00:03:04,00:05:08,00:04:20,00:05:12,00:01:19,00:05:13,00:04:36,00:05:11,00:03:46,00:06:08,00:39:32,00:04:29
494,43,Spencer Day,James Buchanan,"Spencer Day, James Buchanan",16-24,01:10:48,4248,70.8,Bilbao,2026,Doubles Men,00:06:50,00:04:01,00:04:32,00:01:55,00:04:47,00:02:53,00:05:03,00:03:10,00:04:55,00:04:30,00:04:56,00:01:29,00:04:51,00:03:22,00:04:39,00:03:47,00:05:14,00:40:30,00:04:32
495,93,Gabriel Ponce De Las Heras,Pablo Blasco,"Gabriel Ponce De Las Heras, Pablo Blasco",35-39,01:10:49,4249,70.82,Bilbao,2026,Doubles Men,00:05:00,00:03:59,00:04:34,00:01:59,00:04:46,00:03:17,00:04:49,00:02:41,00:05:10,00:04:34,00:05:01,00:01:42,00:04:46,00:04:14,00:04:45,00:04:02,00:05:39,00:38:47,00:04:34
496,16,Eduardo Sánchez Palencia Rodriguez,Ivan Gutiérrez García,"Eduardo Sánchez Palencia Rodriguez, Ivan Gutiérrez García",45-49,01:10:51,4251,70.85,Bilbao,2026,Doubles Men,00:04:49,00:03:45,00:04:35,00:01:44,00:04:54,00:03:11,00:05:05,00:03:04,00:05:02,00:04:09,00:05:01,00:01:35,00:05:19,00:04:09,00:05:23,00:04:22,00:04:51,00:40:05,00:04:35
497,7,Robin Pike,Tom Dacre,"Robin Pike, Tom Dacre",50-54,01:10:53,4253,70.88,Bilbao,2026,Doubles Men,00:05:29,00:03:49,00:04:49,00:01:54,00:04:55,00:03:21,00:04:57,00:02:24,00:05:15,00:04:15,00:04:54,00:01:26,00:04:53,00:03:57,00:04:58,00:03:57,00:05:47,00:40:07,00:04:49
498,58,Mikel Corres,Iker Artola,"Mikel Corres, Iker Artola",40-44,01:10:54,4254,70.9,Bilbao,2026,Doubles Men,00:04:53,00:04:16,00:04:43,00:02:10,00:04:56,00:03:52,00:04:54,00:03:08,00:04:56,00:04:28,00:04:53,00:01:38,00:04:50,00:03:25,00:04:58,00:03:51,00:05:11,00:38:59,00:04:43
499,94,Jonathan Nolan,Bill O Connor,"Jonathan Nolan, Bill O Connor",35-39,01:10:56,4256,70.93,Bilbao,2026,Doubles Men,00:04:26,00:04:07,00:04:15,00:02:28,00:04:30,00:03:55,00:04:33,00:03:39,00:04:42,00:04:56,00:04:37,00:01:47,00:04:40,00:03:18,00:05:01,00:04:29,00:05:41,00:36:41,00:04:15
500,17,Diego Lodeiro,Arturo Pombo,"Diego Lodeiro, Arturo Pombo",45-49,01:10:57,4257,70.95,Bilbao,2026,Doubles Men,00:04:50,00:04:14,00:04:24,00:01:53,00:04:39,00:03:40,00:04:46,00:03:10,00:04:48,00:04:24,00:04:56,00:01:36,00:04:44,00:03:45,00:04:49,00:04:35,00:05:50,00:37:52,00:04:24
501,165,Graham Vallely,Colm Smith,"Graham Vallely, Colm Smith",30-34,01:10:57,4257,70.95,Bilbao,2026,Doubles Men,00:04:09,00:03:49,00:04:33,00:01:52,00:05:16,00:03:34,00:04:45,00:03:33,00:04:54,00:04:30,00:04:39,00:01:11,00:04:43,00:03:14,00:04:52,00:05:25,00:06:07,00:37:48,00:04:33
502,166,Jamie Macleman,Enrique Buenechea,"Jamie Macleman, Enrique Buenechea",30-34,01:10:59,4259,70.98,Bilbao,2026,Doubles Men,00:04:45,00:03:46,00:04:45,00:01:50,00:05:01,00:04:03,00:05:04,00:02:53,00:05:11,00:04:18,00:04:53,00:01:26,00:04:59,00:03:10,00:05:08,00:04:09,00:05:45,00:39:44,00:04:45
503,116,Jaime Rodas,Pau Costa,"Jaime Rodas, Pau Costa",25-29,01:11:02,4262,71.03,Bilbao,2026,Doubles Men,00:04:45,00:03:57,00:04:44,00:02:08,00:04:56,00:03:11,00:05:09,00:03:31,00:05:09,00:04:23,00:05:08,00:01:12,00:05:10,00:03:03,00:05:06,00:04:20,00:05:18,00:40:03,00:04:44
504,117,Andoni Bidegain,Arthur Larrous,"Andoni Bidegain, Arthur Larrous",25-29,01:11:02,4262,71.03,Bilbao,2026,Doubles Men,00:05:09,00:03:49,00:04:57,00:01:30,00:05:24,00:02:55,00:05:29,00:02:52,00:05:18,00:04:08,00:05:07,00:01:14,00:05:16,00:03:21,00:05:05,00:03:58,00:05:40,00:41:41,00:04:57
505,118,Jarosław Nadratowski,Jakub Patera,"Jarosław Nadratowski, Jakub Patera",25-29,01:11:05,4265,71.08,Bilbao,2026,Doubles Men,00:05:12,00:04:04,00:04:45,00:01:54,00:04:51,00:03:46,00:04:46,00:02:54,00:04:53,00:04:23,00:04:49,00:01:42,00:04:53,00:04:12,00:04:45,00:04:20,00:05:05,00:38:50,00:04:45
506,119,Miguel Angel Remiro,Javier Taínta,"Miguel Angel Remiro, Javier Taínta",25-29,01:11:08,4268,71.13,Bilbao,2026,Doubles Men,00:05:14,00:03:49,00:05:02,00:01:33,00:05:26,00:03:02,00:05:19,00:02:34,00:05:32,00:04:11,00:05:23,00:01:15,00:05:16,00:03:04,00:05:01,00:03:42,00:05:51,00:42:11,00:05:01
507,59,Jonathan Antruejo Perez,Miguel Molina,"Jonathan Antruejo Perez, Miguel Molina",40-44,01:11:09,4269,71.15,Bilbao,2026,Doubles Men,00:05:18,00:04:04,00:05:01,00:02:07,00:05:10,00:02:59,00:05:08,00:03:00,00:05:12,00:04:19,00:05:06,00:01:18,00:05:02,00:03:21,00:05:09,00:03:42,00:05:21,00:41:02,00:05:01
508,120,Allan Dufloux,Matis Boursault,"Allan Dufloux, Matis Boursault",25-29,01:11:10,4270,71.17,Bilbao,2026,Doubles Men,00:04:46,00:04:18,00:04:18,00:02:19,00:04:30,00:03:53,00:04:34,00:03:44,00:04:36,00:04:51,00:04:30,00:01:34,00:04:32,00:03:58,00:04:30,00:04:27,00:05:56,00:36:13,00:04:18
509,8,David López Fernández,Rafael Antón Sánchez,"David López Fernández, Rafael Antón Sánchez",50-54,01:11:14,4274,71.23,Bilbao,2026,Doubles Men,00:05:13,00:04:13,00:04:40,00:01:36,00:04:56,00:03:15,00:04:53,00:03:08,00:04:59,00:04:50,00:04:48,00:01:31,00:04:39,00:03:52,00:04:36,00:04:22,00:05:51,00:38:41,00:04:36
510,18,Antonio Sierra,Fernando Hernández,"Antonio Sierra, Fernando Hernández",45-49,01:11:14,4274,71.23,Bilbao,2026,Doubles Men,00:05:15,00:04:08,00:04:48,00:01:53,00:04:55,00:03:05,00:05:01,00:03:06,00:05:22,00:04:34,00:04:49,00:01:34,00:05:02,00:03:21,00:04:51,00:04:32,00:05:08,00:39:59,00:04:48
511,167,Deivid Eugenio,Toni García,"Deivid Eugenio, Toni García",30-34,01:11:16,4276,71.27,Bilbao,2026,Doubles Men,00:05:08,00:04:15,00:04:48,00:01:56,00:04:57,00:03:36,00:04:44,00:03:01,00:04:58,00:04:43,00:04:56,00:01:27,00:04:50,00:03:25,00:05:01,00:04:07,00:05:32,00:39:19,00:04:44
512,19,David Castañon Gutiérrez,Esteban Rubio Bajo,"David Castañon Gutiérrez, Esteban Rubio Bajo",45-49,01:11:16,4276,71.27,Bilbao,2026,Doubles Men,00:04:12,00:04:09,00:04:05,00:02:18,00:04:19,00:03:58,00:04:25,00:03:07,00:04:31,00:04:50,00:06:24,00:01:27,00:04:20,00:04:30,00:04:34,00:05:37,00:04:38,00:36:47,00:04:05
513,60,David Malagón Luengo,Mario Malagón Trejo,"David Malagón Luengo, Mario Malagón Trejo",40-44,01:11:16,4276,71.27,Bilbao,2026,Doubles Men,00:05:13,00:04:02,00:04:47,00:01:52,00:04:53,00:03:27,00:04:49,00:02:43,00:04:54,00:04:36,00:04:54,00:01:28,00:05:11,00:03:20,00:05:36,00:03:58,00:05:41,00:40:14,00:04:47
514,95,Sven De Haan,Matthijs Nijhoff,"Sven De Haan, Matthijs Nijhoff",35-39,01:11:17,4277,71.28,Bilbao,2026,Doubles Men,00:05:24,00:03:58,00:05:18,00:01:36,00:05:26,00:02:45,00:05:19,00:02:50,00:05:26,00:04:11,00:05:17,00:01:20,00:05:22,00:02:53,00:05:20,00:04:05,00:04:55,00:42:48,00:05:17
515,96,Francesco Borsari,Pierdario Fasciano,"Francesco Borsari, Pierdario Fasciano",35-39,01:11:18,4278,71.3,Bilbao,2026,Doubles Men,00:04:54,00:04:03,00:04:46,00:01:53,00:05:03,00:03:25,00:04:57,00:02:34,00:05:18,00:04:28,00:05:10,00:01:09,00:05:27,00:04:14,00:05:21,00:03:56,00:04:47,00:40:53,00:04:46
516,20,Alberto López,Gontzal Manso,"Alberto López, Gontzal Manso",45-49,01:11:18,4278,71.3,Bilbao,2026,Doubles Men,00:05:11,00:04:07,00:04:50,00:01:35,00:05:03,00:03:22,00:05:05,00:02:49,00:05:05,00:04:33,00:04:48,00:01:28,00:04:57,00:03:24,00:05:12,00:04:02,00:05:54,00:40:09,00:04:48
517,168,Sergio Jimenez,Israel Ortiz Molina,"Sergio Jimenez, Israel Ortiz Molina",30-34,01:11:18,4278,71.3,Bilbao,2026,Doubles Men,00:05:08,00:03:51,00:04:59,00:01:37,00:05:11,00:03:18,00:05:00,00:03:06,00:05:03,00:04:19,00:05:05,00:01:25,00:05:19,00:03:17,00:05:19,00:04:02,00:05:29,00:41:01,00:04:59
518,169,Goyo Portella,Pepe Gazo,"Goyo Portella, Pepe Gazo",30-34,01:11:19,4279,71.32,Bilbao,2026,Doubles Men,00:05:14,00:04:00,00:05:03,00:01:31,00:05:06,00:03:26,00:05:06,00:02:48,00:05:08,00:04:27,00:05:03,00:01:17,00:04:56,00:03:39,00:04:44,00:04:09,00:05:49,00:40:18,00:04:44
519,61,Aritz Esparza,Joseba Mendiguren,"Aritz Esparza, Joseba Mendiguren",40-44,01:11:21,4281,71.35,Bilbao,2026,Doubles Men,00:04:39,00:04:02,00:04:25,00:02:17,00:04:47,00:03:46,00:04:48,00:03:25,00:05:03,00:04:38,00:04:48,00:01:39,00:04:49,00:03:41,00:05:11,00:03:53,00:05:35,00:38:28,00:04:25
520,170,Sergio Presa,Iván Lorenzo,"Sergio Presa, Iván Lorenzo",30-34,01:11:22,4282,71.37,Bilbao,2026,Doubles Men,00:05:01,00:03:49,00:04:41,00:01:38,00:05:10,00:03:02,00:05:05,00:02:30,00:05:28,00:04:16,00:06:36,00:01:21,00:05:16,00:03:24,00:04:54,00:04:20,00:05:00,00:42:07,00:04:41
521,121,Unai Lete,Iker Gómez,"Unai Lete, Iker Gómez",25-29,01:11:25,4285,71.42,Bilbao,2026,Doubles Men,00:05:04,00:04:06,00:04:42,00:01:55,00:05:17,00:03:31,00:05:00,00:03:17,00:04:55,00:04:27,00:04:37,00:01:23,00:04:44,00:03:36,00:04:51,00:03:48,00:06:19,00:39:07,00:04:37
522,97,Juan Jesus Arcos Enríquez,Jose Manuel Arcos Roldan,"Juan Jesus Arcos Enríquez, Jose Manuel Arcos Roldan",35-39,01:11:25,4285,71.42,Bilbao,2026,Doubles Men,00:04:25,00:04:04,00:04:41,00:02:06,00:05:48,00:03:47,00:05:34,00:02:17,00:05:29,00:04:45,00:04:28,00:01:20,00:04:46,00:02:49,00:04:50,00:04:00,00:06:25,00:39:57,00:04:28
523,122,Miguel Romero Martinez,Migue Rios Camuñez,"Miguel Romero Martinez, Migue Rios Camuñez",25-29,01:11:27,4287,71.45,Bilbao,2026,Doubles Men,00:04:55,00:04:07,00:04:33,00:01:58,00:04:58,00:03:30,00:04:56,00:02:42,00:05:10,00:04:31,00:05:01,00:01:41,00:05:14,00:03:21,00:04:58,00:04:29,00:05:32,00:39:40,00:04:33
524,98,Santiago Espasandín Hernán,Roberto Varela Rodríguez,"Santiago Espasandín Hernán, Roberto Varela Rodríguez",35-39,01:11:27,4287,71.45,Bilbao,2026,Doubles Men,00:05:18,00:04:19,00:04:39,00:01:34,00:04:52,00:02:58,00:05:01,00:02:34,00:05:06,00:04:44,00:04:50,00:01:36,00:04:50,00:04:22,00:05:16,00:04:34,00:05:04,00:39:47,00:04:39
525,171,Andoni Rico,Alex Romero,"Andoni Rico, Alex Romero",30-34,01:11:29,4289,71.48,Bilbao,2026,Doubles Men,00:05:08,00:03:53,00:04:50,00:01:38,00:05:17,00:03:36,00:05:08,00:03:09,00:05:06,00:04:21,00:05:03,00:01:23,00:05:07,00:03:23,00:04:55,00:03:48,00:05:53,00:40:30,00:04:50
526,62,Guillermo Bouzón,Gonzalo Bouzón,"Guillermo Bouzón, Gonzalo Bouzón",40-44,01:11:30,4290,71.5,Bilbao,2026,Doubles Men,00:04:51,00:03:55,00:04:45,00:02:09,00:04:45,00:03:12,00:04:53,00:03:47,00:04:53,00:04:34,00:04:51,00:01:30,00:05:02,00:04:08,00:05:06,00:04:06,00:05:13,00:39:02,00:04:45
527,172,Andres Valles Saez,Joaquin Latapy,"Andres Valles Saez, Joaquin Latapy",30-34,01:11:32,4292,71.53,Bilbao,2026,Doubles Men,00:04:59,00:03:52,00:04:40,00:02:06,00:05:03,00:03:18,00:05:06,00:02:51,00:05:21,00:04:20,00:05:01,00:01:40,00:05:15,00:03:51,00:05:17,00:03:47,00:05:14,00:40:38,00:04:40
528,123,Yannick Pochelu,Julien Pochelu,"Yannick Pochelu, Julien Pochelu",25-29,01:11:32,4292,71.53,Bilbao,2026,Doubles Men,00:04:46,00:04:00,00:04:33,00:01:37,00:05:02,00:03:15,00:04:48,00:02:15,00:05:23,00:04:28,00:05:07,00:01:24,00:05:24,00:03:15,00:05:50,00:04:38,00:05:55,00:40:50,00:04:33
529,44,Carles Domingo Altisent,Dani Martinez Alcaide,"Carles Domingo Altisent, Dani Martinez Alcaide",16-24,01:11:34,4294,71.57,Bilbao,2026,Doubles Men,00:05:10,00:04:07,00:04:54,00:02:23,00:05:09,00:02:51,00:05:12,00:02:36,00:05:18,00:04:15,00:05:01,00:01:26,00:04:57,00:03:18,00:05:02,00:04:16,00:05:47,00:40:40,00:04:54
530,99,Pablo Barral,Francisco Silva,"Pablo Barral, Francisco Silva",35-39,01:11:34,4294,71.57,Bilbao,2026,Doubles Men,00:04:45,00:04:15,00:04:36,00:01:46,00:04:55,00:03:31,00:05:01,00:02:50,00:05:07,00:04:14,00:05:12,00:01:30,00:05:19,00:03:57,00:04:51,00:04:41,00:05:12,00:39:43,00:04:36
531,100,Lars Borchardt,Lewis Collingbine,"Lars Borchardt, Lewis Collingbine",35-39,01:11:34,4294,71.57,Bilbao,2026,Doubles Men,00:04:47,00:03:50,00:04:41,00:01:54,00:05:05,00:03:08,00:05:14,00:03:20,00:05:25,00:04:00,00:05:06,00:01:31,00:05:11,00:03:19,00:05:30,00:04:18,00:05:24,00:40:55,00:04:41
532,1,Alejandro Garcia Franco De Espes,Sergio Gracia Rebola,"Alejandro Garcia Franco De Espes, Sergio Gracia Rebola",55-59,01:11:35,4295,71.58,Bilbao,2026,Doubles Men,00:04:43,00:04:05,00:04:28,00:02:32,00:04:36,00:04:16,00:04:37,00:03:30,00:04:47,00:04:45,00:04:44,00:01:35,00:04:48,00:04:21,00:04:54,00:04:21,00:04:40,00:37:34,00:04:28
533,63,Iñaki Lekuona,Julen Irizar,"Iñaki Lekuona, Julen Irizar",40-44,01:11:36,4296,71.6,Bilbao,2026,Doubles Men,00:04:34,00:04:00,00:04:26,00:01:57,00:05:05,00:03:46,00:04:46,00:03:10,00:04:53,00:04:28,00:04:42,00:01:44,00:04:42,00:03:36,00:04:58,00:04:33,00:06:22,00:38:04,00:04:26
534,101,Luis Álvarez De Sotomayor,Javier Cartagena Terrero,"Luis Álvarez De Sotomayor, Javier Cartagena Terrero",35-39,01:11:36,4296,71.6,Bilbao,2026,Doubles Men,00:05:24,00:04:10,00:04:37,00:01:56,00:05:01,00:03:50,00:04:51,00:03:19,00:05:01,00:04:41,00:04:41,00:01:29,00:04:33,00:03:15,00:04:46,00:04:25,00:05:45,00:38:51,00:04:33
535,124,Pablo De Barrera,Iñigo Perez,"Pablo De Barrera, Iñigo Perez",25-29,01:11:39,4299,71.65,Bilbao,2026,Doubles Men,00:05:16,00:04:08,00:04:51,00:01:46,00:05:13,00:03:17,00:05:16,00:02:50,00:05:19,00:04:32,00:05:14,00:01:36,00:05:11,00:03:03,00:05:22,00:03:40,00:05:10,00:41:38,00:04:51
536,64,Javier Valdivielso,Jose Manuel Casado Calderon,"Javier Valdivielso, Jose Manuel Casado Calderon",40-44,01:11:39,4299,71.65,Bilbao,2026,Doubles Men,00:04:47,00:03:53,00:04:47,00:02:03,00:05:33,00:03:21,00:05:24,00:02:43,00:05:23,00:04:10,00:05:13,00:01:34,00:05:13,00:03:12,00:05:17,00:04:02,00:05:13,00:41:33,00:04:47
537,125,Mikel Miranda,Oihan López,"Mikel Miranda, Oihan López",25-29,01:11:39,4299,71.65,Bilbao,2026,Doubles Men,00:05:17,00:04:01,00:04:53,00:01:40,00:05:03,00:03:08,00:05:02,00:03:01,00:05:21,00:04:27,00:05:08,00:01:27,00:05:15,00:03:14,00:05:28,00:03:53,00:05:26,00:41:25,00:04:53
538,65,Juan Miguel Rodriguez Artigas,Rafael Tremps Cebrián,"Juan Miguel Rodriguez Artigas, Rafael Tremps Cebrián",40-44,01:11:41,4301,71.68,Bilbao,2026,Doubles Men,00:04:49,00:04:04,00:04:37,00:02:19,00:05:01,00:04:17,00:04:42,00:03:30,00:04:47,00:04:28,00:04:48,00:01:34,00:04:44,00:03:39,00:04:51,00:04:06,00:05:33,00:38:16,00:04:37
539,45,Antonio Fernandez,Jose Manuel Fernandez,"Antonio Fernandez, Jose Manuel Fernandez",16-24,01:11:44,4304,71.73,Bilbao,2026,Doubles Men,00:05:14,00:03:56,00:04:49,00:01:32,00:05:07,00:02:31,00:05:43,00:02:38,00:05:59,00:04:17,00:05:51,00:01:27,00:05:37,00:02:54,00:05:19,00:03:48,00:05:09,00:43:37,00:04:49
540,102,Hugo Alberto Santana De León,Abraham García Romero,"Hugo Alberto Santana De León, Abraham García Romero",35-39,01:11:44,4304,71.73,Bilbao,2026,Doubles Men,00:05:47,00:03:57,00:05:05,00:01:27,00:05:02,00:02:52,00:05:05,00:02:28,00:05:10,00:04:39,00:04:59,00:01:19,00:05:05,00:03:23,00:05:00,00:04:09,00:06:24,00:41:10,00:04:59
541,46,Leo Griff,Connor Fenlon,"Leo Griff, Connor Fenlon",16-24,01:11:46,4306,71.77,Bilbao,2026,Doubles Men,00:04:46,00:03:48,00:04:19,00:01:32,00:05:17,00:03:33,00:04:56,00:02:52,00:05:17,00:04:16,00:05:16,00:01:33,00:05:13,00:03:30,00:05:24,00:04:36,00:05:45,00:40:24,00:04:19
542,47,Harry Hickey,Marlon Hawkridge,"Harry Hickey, Marlon Hawkridge",16-24,01:11:52,4312,71.87,Bilbao,2026,Doubles Men,00:05:30,00:04:12,00:04:52,00:01:56,00:05:02,00:02:50,00:05:15,00:02:44,00:05:20,00:04:13,00:05:15,00:01:24,00:05:17,00:04:01,00:04:58,00:03:41,00:05:30,00:41:25,00:04:52
543,48,Louis Raymondis,Gabin Alibert,"Louis Raymondis, Gabin Alibert",16-24,01:11:57,4317,71.95,Bilbao,2026,Doubles Men,00:04:43,00:03:56,00:04:32,00:01:49,00:05:16,00:03:00,00:05:24,00:02:46,00:05:30,00:04:10,00:05:14,00:01:11,00:05:38,00:03:29,00:05:33,00:04:08,00:05:47,00:41:46,00:04:32
544,103,Iñigo Vicens,Diego Camelo,"Iñigo Vicens, Diego Camelo",35-39,01:11:57,4317,71.95,Bilbao,2026,Doubles Men,00:05:17,00:04:02,00:04:44,00:01:40,00:04:58,00:02:47,00:05:09,00:02:59,00:05:10,00:04:09,00:05:16,00:01:30,00:05:11,00:03:23,00:05:15,00:03:52,00:06:41,00:40:57,00:04:44
545,126,Victor Lallemand,Christophe Tinelli,"Victor Lallemand, Christophe Tinelli",25-29,01:11:57,4317,71.95,Bilbao,2026,Doubles Men,00:04:53,00:03:55,00:04:40,00:02:05,00:04:46,00:03:23,00:04:39,00:03:28,00:04:45,00:04:10,00:04:45,00:01:50,00:04:48,00:04:36,00:05:01,00:04:57,00:05:27,00:38:12,00:04:39
546,127,Xabier Esteban,Martin Ibañez,"Xabier Esteban, Martin Ibañez",25-29,01:11:58,4318,71.97,Bilbao,2026,Doubles Men,00:05:17,00:04:08,00:05:03,00:01:53,00:05:09,00:03:57,00:04:54,00:03:17,00:04:40,00:04:29,00:04:28,00:01:44,00:04:28,00:03:45,00:04:35,00:04:05,00:06:12,00:38:32,00:04:28
547,104,Nel Garcia Borjas,Sergio Vazquez,"Nel Garcia Borjas, Sergio Vazquez",35-39,01:12:01,4321,72.02,Bilbao,2026,Doubles Men,00:04:52,00:03:49,00:04:50,00:01:27,00:05:19,00:02:15,00:05:51,00:02:58,00:05:46,00:04:25,00:05:30,00:01:27,00:05:33,00:02:52,00:05:47,00:03:45,00:05:45,00:43:23,00:04:50
548,49,Victor Garcia,Iker Cloet,"Victor Garcia, Iker Cloet",16-24,01:12:04,4324,72.07,Bilbao,2026,Doubles Men,00:04:39,00:03:46,00:04:39,00:01:50,00:05:07,00:02:53,00:05:20,00:02:45,00:05:20,00:04:25,00:05:17,00:01:16,00:05:25,00:03:55,00:05:30,00:04:05,00:05:59,00:41:15,00:04:39
549,128,Cathal Moran,Sean Stewart,"Cathal Moran, Sean Stewart",25-29,01:12:05,4325,72.08,Bilbao,2026,Doubles Men,00:05:06,00:04:04,00:04:35,00:01:50,00:04:45,00:03:33,00:04:46,00:02:46,00:04:45,00:04:49,00:05:06,00:01:30,00:05:56,00:03:32,00:05:13,00:04:24,00:05:35,00:40:08,00:04:35
550,173,Daniel Linares,Narek Zakaryan,"Daniel Linares, Narek Zakaryan",30-34,01:12:06,4326,72.1,Bilbao,2026,Doubles Men,00:05:36,00:03:55,00:05:12,00:01:52,00:05:24,00:02:34,00:05:21,00:02:54,00:05:31,00:04:11,00:05:25,00:01:28,00:05:29,00:03:19,00:05:20,00:03:25,00:05:17,00:43:15,00:05:12
551,129,Iñigo Fernández,Jon Unanue,"Iñigo Fernández, Jon Unanue",25-29,01:12:07,4327,72.12,Bilbao,2026,Doubles Men,00:05:06,00:03:56,00:04:51,00:01:27,00:05:46,00:03:00,00:05:39,00:03:04,00:05:26,00:04:07,00:05:25,00:01:39,00:05:17,00:02:53,00:05:20,00:03:30,00:05:49,00:42:47,00:04:51
552,130,Ricardo Ruiz Melchor,Carlos Carbonell Leal,"Ricardo Ruiz Melchor, Carlos Carbonell Leal",25-29,01:12:11,4331,72.18,Bilbao,2026,Doubles Men,00:05:35,00:04:00,00:05:10,00:01:48,00:05:16,00:02:56,00:05:13,00:02:51,00:05:12,00:04:01,00:05:07,00:01:14,00:05:12,00:03:46,00:05:01,00:04:21,00:05:35,00:41:43,00:05:01
553,174,Victor Garcia,Bernardo Marín,"Victor Garcia, Bernardo Marín",30-34,01:12:15,4335,72.25,Bilbao,2026,Doubles Men,00:04:49,00:04:11,00:04:23,00:02:05,00:04:36,00:03:54,00:04:19,00:03:16,00:04:54,00:04:58,00:04:39,00:01:45,00:04:13,00:04:02,00:04:53,00:04:37,00:06:50,00:36:42,00:04:13
554,131,Ben Brandherm,Marcus Smith,"Ben Brandherm, Marcus Smith",25-29,01:12:15,4335,72.25,Bilbao,2026,Doubles Men,00:04:56,00:04:07,00:06:35,00:02:10,00:07:02,00:02:58,00:04:40,00:02:48,00:04:53,00:04:07,00:04:48,00:01:16,00:04:51,00:02:52,00:04:41,00:04:05,00:05:35,00:42:22,00:04:40
555,105,Javi Alles,Joan Bibi,"Javi Alles, Joan Bibi",35-39,01:12:15,4335,72.25,Bilbao,2026,Doubles Men,00:04:50,00:04:11,00:04:50,00:01:50,00:05:21,00:03:12,00:05:19,00:02:18,00:05:17,00:04:35,00:05:27,00:01:31,00:05:29,00:03:24,00:05:45,00:03:45,00:05:19,00:42:14,00:04:50
556,175,David Nieves Pérez,Lenin Quezada González,"David Nieves Pérez, Lenin Quezada González",30-34,01:12:16,4336,72.27,Bilbao,2026,Doubles Men,00:05:00,00:04:16,00:04:48,00:01:49,00:05:18,00:03:31,00:05:14,00:03:01,00:04:59,00:04:30,00:04:48,00:01:30,00:04:44,00:03:17,00:04:46,00:04:44,00:06:10,00:39:34,00:04:44
557,106,Axular Arana Alzibar,Kevin Huber Ibarzabal,"Axular Arana Alzibar, Kevin Huber Ibarzabal",35-39,01:12:18,4338,72.3,Bilbao,2026,Doubles Men,00:05:33,00:04:00,00:04:59,00:02:00,00:05:09,00:03:08,00:05:08,00:03:02,00:05:09,00:04:25,00:05:02,00:01:30,00:05:06,00:03:47,00:04:56,00:03:58,00:05:35,00:40:57,00:04:56
558,176,Beñat Vega Martin,Unai Bidegain Anacabe,"Beñat Vega Martin, Unai Bidegain Anacabe",30-34,01:12:19,4339,72.32,Bilbao,2026,Doubles Men,00:05:06,00:04:04,00:04:33,00:07:10,00:04:36,00:02:34,00:04:38,00:02:41,00:04:48,00:04:05,00:04:43,00:01:22,00:04:48,00:03:24,00:04:36,00:04:17,00:05:04,00:37:44,00:04:33
559,107,Julián Jiménez Rico,Javier Martinez,"Julián Jiménez Rico, Javier Martinez",35-39,01:12:20,4340,72.33,Bilbao,2026,Doubles Men,00:05:05,00:04:10,00:04:39,00:01:43,00:04:56,00:03:50,00:05:06,00:02:40,00:05:10,00:04:15,00:04:59,00:01:38,00:05:25,00:03:17,00:05:32,00:03:34,00:06:29,00:40:48,00:04:39
560,132,Iker Sanchez Quiroga,Andoni Txarramendienta Alcubilla,"Iker Sanchez Quiroga, Andoni Txarramendienta Alcubilla",25-29,01:12:25,4345,72.42,Bilbao,2026,Doubles Men,00:04:47,00:03:50,00:04:26,00:01:44,00:04:49,00:03:48,00:04:40,00:02:51,00:04:47,00:04:24,00:04:49,00:01:49,00:05:38,00:03:28,00:06:56,00:03:54,00:05:55,00:40:48,00:04:26
561,177,Axier Aguado Blanco,Néstor González Martínez,"Axier Aguado Blanco, Néstor González Martínez",30-34,01:12:26,4346,72.43,Bilbao,2026,Doubles Men,00:05:29,00:04:19,00:05:09,00:01:51,00:05:10,00:03:12,00:05:02,00:02:48,00:05:15,00:04:14,00:05:15,00:01:43,00:05:11,00:02:56,00:05:24,00:03:50,00:05:47,00:41:51,00:05:02
562,108,Iban Auzokoa,Imanol Imatz,"Iban Auzokoa, Imanol Imatz",35-39,01:12:26,4346,72.43,Bilbao,2026,Doubles Men,00:05:10,00:04:12,00:04:46,00:01:44,00:05:05,00:02:58,00:05:19,00:02:20,00:05:26,00:04:30,00:05:01,00:01:22,00:04:59,00:04:07,00:05:25,00:04:02,00:06:10,00:41:08,00:04:46
563,66,Carlos Ocaña,Jose María Alvarez,"Carlos Ocaña, Jose María Alvarez",40-44,01:12:30,4350,72.5,Bilbao,2026,Doubles Men,00:05:13,00:04:04,00:04:39,00:01:50,00:04:49,00:03:35,00:04:48,00:03:58,00:04:54,00:04:29,00:04:55,00:01:44,00:04:57,00:03:57,00:05:07,00:04:10,00:05:28,00:39:20,00:04:39
564,133,Adri Torres,Alex Arévalo,"Adri Torres, Alex Arévalo",25-29,01:12:34,4354,72.57,Bilbao,2026,Doubles Men,00:04:53,00:03:52,00:04:47,00:01:32,00:05:24,00:03:13,00:05:31,00:02:32,00:05:51,00:04:18,00:05:26,00:01:23,00:05:16,00:03:25,00:05:09,00:03:50,00:06:21,00:42:13,00:04:47
565,178,Antonio Duque,Domingo Vilavert,"Antonio Duque, Domingo Vilavert",30-34,01:12:38,4358,72.63,Bilbao,2026,Doubles Men,00:04:47,00:04:03,00:04:28,00:02:31,00:04:29,00:03:09,00:04:27,00:04:01,00:04:26,00:04:21,00:04:40,00:01:37,00:04:41,00:04:37,00:04:45,00:06:05,00:05:37,00:36:40,00:04:26
566,109,David Dias,José Baptista,"David Dias, José Baptista",35-39,01:12:38,4358,72.63,Bilbao,2026,Doubles Men,00:04:50,00:03:58,00:04:34,00:02:02,00:04:58,00:03:35,00:05:03,00:03:13,00:05:11,00:04:30,00:05:05,00:01:49,00:05:02,00:03:31,00:05:13,00:03:53,00:06:20,00:39:53,00:04:34
567,134,Alejandro Cardo,Dailo Hernandez Ramos,"Alejandro Cardo, Dailo Hernandez Ramos",25-29,01:12:38,4358,72.63,Bilbao,2026,Doubles Men,00:04:56,00:03:59,00:04:52,00:01:53,00:05:41,00:03:41,00:05:23,00:02:04,00:05:26,00:04:20,00:05:18,00:01:35,00:05:24,00:03:22,00:05:36,00:03:52,00:05:24,00:42:33,00:04:52
568,179,Alejandro Vinuesa Ramos,César Vinuesa Ramos,"Alejandro Vinuesa Ramos, César Vinuesa Ramos",30-34,01:12:41,4361,72.68,Bilbao,2026,Doubles Men,00:04:43,00:03:57,00:04:55,00:01:28,00:06:03,00:03:10,00:05:49,00:02:50,00:05:56,00:04:52,00:05:11,00:01:24,00:04:58,00:03:20,00:04:57,00:03:51,00:05:26,00:42:29,00:04:55
569,180,Ignacio Lacunza,David Otamendi,"Ignacio Lacunza, David Otamendi",30-34,01:12:44,4364,72.73,Bilbao,2026,Doubles Men,00:05:16,00:03:48,00:04:43,00:02:14,00:05:01,00:02:56,00:05:13,00:03:19,00:05:14,00:04:11,00:05:15,00:01:49,00:05:10,00:03:32,00:06:06,00:03:45,00:05:19,00:41:54,00:04:43
570,110,Alberto Velilla Crespo,Sebastián Morey Cerdá,"Alberto Velilla Crespo, Sebastián Morey Cerdá",35-39,01:12:45,4365,72.75,Bilbao,2026,Doubles Men,00:05:03,00:04:17,00:04:35,00:02:11,00:04:56,00:03:16,00:04:50,00:03:54,00:04:58,00:04:44,00:04:54,00:01:33,00:05:00,00:04:16,00:04:50,00:04:02,00:05:33,00:39:03,00:04:35
571,111,Rafael Ruiz Benítez De Lugo Hernández,Cristian Acosta Machin,"Rafael Ruiz Benítez De Lugo Hernández, Cristian Acosta Machin",35-39,01:12:45,4365,72.75,Bilbao,2026,Doubles Men,00:04:41,00:03:54,00:04:29,00:02:06,00:05:36,00:03:46,00:05:25,00:02:24,00:05:39,00:04:33,00:05:34,00:01:20,00:05:41,00:03:32,00:05:06,00:03:38,00:05:30,00:42:07,00:04:29
572,112,Antoine Pernot,Maxime Barbe,"Antoine Pernot, Maxime Barbe",35-39,01:12:47,4367,72.78,Bilbao,2026,Doubles Men,00:05:15,00:04:07,00:04:51,00:01:44,00:05:04,00:03:16,00:04:58,00:03:09,00:05:06,00:04:29,00:06:45,00:01:30,00:05:10,00:03:36,00:04:56,00:03:32,00:05:27,00:42:02,00:04:51
573,113,Iñigo Infante,Gontzal Ruiz,"Iñigo Infante, Gontzal Ruiz",35-39,01:12:47,4367,72.78,Bilbao,2026,Doubles Men,00:04:53,00:03:59,00:05:02,00:02:02,00:05:16,00:03:12,00:05:26,00:03:33,00:05:24,00:04:23,00:05:00,00:01:34,00:05:04,00:03:50,00:04:44,00:03:48,00:05:44,00:40:47,00:04:44
574,135,Valentin Pureur,Alexandre Leroy,"Valentin Pureur, Alexandre Leroy",25-29,01:12:52,4372,72.87,Bilbao,2026,Doubles Men,00:04:46,00:04:01,00:04:25,00:01:51,00:04:51,00:03:36,00:04:38,00:03:39,00:04:39,00:07:37,00:04:31,00:02:39,00:04:36,00:03:20,00:04:37,00:04:19,–,00:37:01,00:04:25
575,181,Thibault Milheres,Peio Etcheverrigaray,"Thibault Milheres, Peio Etcheverrigaray",30-34,01:12:54,4374,72.9,Bilbao,2026,Doubles Men,00:05:20,00:03:55,00:05:03,00:01:58,00:05:15,00:03:15,00:05:18,00:02:53,00:05:08,00:04:27,00:05:12,00:01:33,00:05:04,00:03:13,00:05:08,00:04:05,00:06:18,00:41:23,00:05:03
576,9,Jordi Autonell Soler,Esteban Vázquez Martínez,"Jordi Autonell Soler, Esteban Vázquez Martínez",50-54,01:12:55,4375,72.92,Bilbao,2026,Doubles Men,00:04:52,00:04:02,00:04:53,00:01:54,00:05:12,00:03:37,00:05:18,00:02:52,00:05:03,00:04:20,00:05:05,00:01:33,00:05:09,00:03:46,00:05:23,00:04:22,00:05:42,00:40:51,00:04:53
577,114,Juan Vaquer,Nicolas Gil,"Juan Vaquer, Nicolas Gil",35-39,01:12:56,4376,72.93,Bilbao,2026,Doubles Men,00:05:14,00:03:56,00:04:52,00:01:27,00:05:11,00:02:45,00:05:16,00:03:07,00:05:22,00:04:40,00:05:26,00:01:31,00:05:30,00:03:22,00:05:46,00:03:59,00:05:38,00:42:35,00:04:52
578,182,Rebuar Wentz,Michael Schwalbach,"Rebuar Wentz, Michael Schwalbach",30-34,01:12:56,4376,72.93,Bilbao,2026,Doubles Men,00:04:52,00:04:06,00:04:39,00:01:36,00:05:18,00:03:14,00:05:19,00:03:32,00:05:35,00:04:29,00:05:05,00:01:28,00:05:14,00:03:26,00:05:21,00:04:14,00:05:36,00:41:20,00:04:39
579,136,Mikel Muguruza,Christian Mondragon,"Mikel Muguruza, Christian Mondragon",25-29,01:12:59,4379,72.98,Bilbao,2026,Doubles Men,00:05:47,00:04:16,00:04:51,00:01:54,00:05:15,00:03:21,00:05:20,00:02:36,00:05:03,00:04:31,00:04:53,00:01:26,00:04:57,00:03:15,00:05:07,00:04:21,00:06:14,00:41:09,00:04:51
580,137,Elliott Hallas,Carter Russon,"Elliott Hallas, Carter Russon",25-29,01:12:59,4379,72.98,Bilbao,2026,Doubles Men,00:04:44,00:04:07,00:04:23,00:01:41,00:04:48,00:02:48,00:05:00,00:03:57,00:05:04,00:04:30,00:04:54,00:01:38,00:04:56,00:04:19,00:05:05,00:04:28,00:06:47,00:38:51,00:04:23
581,138,Ismael Rosaleny,Juan Miguel Gómez,"Ismael Rosaleny, Juan Miguel Gómez",25-29,01:13:00,4380,73.0,Bilbao,2026,Doubles Men,00:04:41,00:03:49,00:05:07,00:01:51,00:05:45,00:03:20,00:05:30,00:02:19,00:05:28,00:04:21,00:05:11,00:01:08,00:05:09,00:03:51,00:05:07,00:04:12,00:06:20,00:41:53,00:05:07
582,183,Robin Prudhomme,Jean Cazaumayou,"Robin Prudhomme, Jean Cazaumayou",30-34,01:13:00,4380,73.0,Bilbao,2026,Doubles Men,00:04:50,00:03:57,00:04:46,00:01:50,00:05:07,00:03:17,00:05:24,00:03:24,00:05:22,00:04:24,00:04:58,00:01:12,00:05:06,00:03:32,00:05:18,00:04:47,00:05:53,00:40:48,00:04:46
583,184,Alex Saraiva,Ander Ostolaza,"Alex Saraiva, Ander Ostolaza",30-34,01:13:01,4381,73.02,Bilbao,2026,Doubles Men,00:05:43,00:04:18,00:05:18,00:01:57,00:05:32,00:02:26,00:05:35,00:02:48,00:05:28,00:04:32,00:05:20,00:01:22,00:05:06,00:03:13,00:04:57,00:04:18,00:05:14,00:42:56,00:04:57
584,185,Aitor Losantos,Julio Blanco,"Aitor Losantos, Julio Blanco",30-34,01:13:01,4381,73.02,Bilbao,2026,Doubles Men,00:05:32,00:04:00,00:05:15,00:01:45,00:05:15,00:03:06,00:05:27,00:02:16,00:05:23,00:04:23,00:05:10,00:01:23,00:05:08,00:02:56,00:05:12,00:04:40,00:06:18,00:42:18,00:05:08
585,139,Jorge Pereira,João Coelho,"Jorge Pereira, João Coelho",25-29,01:13:01,4381,73.02,Bilbao,2026,Doubles Men,00:05:09,00:03:53,00:05:06,00:01:56,00:05:25,00:03:05,00:05:25,00:02:33,00:05:25,00:04:32,00:04:59,00:01:29,00:05:04,00:03:18,00:05:23,00:04:08,00:06:21,00:41:52,00:04:59
586,186,Iñigo Alvarez,Mikel Gaubeka,"Iñigo Alvarez, Mikel Gaubeka",30-34,01:13:07,4387,73.12,Bilbao,2026,Doubles Men,00:05:04,00:03:54,00:04:49,00:01:28,00:05:05,00:03:03,00:05:17,00:02:50,00:05:16,00:04:15,00:05:24,00:01:36,00:05:20,00:03:43,00:05:36,00:04:19,00:06:15,00:41:48,00:04:49
587,115,Asier Totorikaguena,Gorka De La Fuente,"Asier Totorikaguena, Gorka De La Fuente",35-39,01:13:07,4387,73.12,Bilbao,2026,Doubles Men,00:05:05,00:04:00,00:04:44,00:02:17,00:05:14,00:03:48,00:05:09,00:02:33,00:05:19,00:04:22,00:05:09,00:01:32,00:05:03,00:03:25,00:05:16,00:03:46,00:06:35,00:40:54,00:04:44
588,50,Pep Orfila,Jose Eimil,"Pep Orfila, Jose Eimil",16-24,01:13:08,4388,73.13,Bilbao,2026,Doubles Men,00:05:03,00:04:32,00:04:28,00:02:03,00:04:32,00:03:53,00:04:46,00:04:03,00:04:56,00:04:47,00:04:39,00:01:33,00:04:38,00:04:43,00:04:39,00:04:28,00:05:34,00:37:37,00:04:28
589,51,Jules Rageot-Bologna,Marius Savy,"Jules Rageot-Bologna, Marius Savy",16-24,01:13:08,4388,73.13,Bilbao,2026,Doubles Men,00:04:38,00:03:45,00:04:41,00:02:08,00:05:35,00:02:46,00:05:31,00:02:48,00:05:36,00:04:27,00:05:27,00:01:35,00:05:33,00:03:09,00:05:28,00:04:08,00:06:01,00:42:26,00:04:41
590,140,Mikel Eskobal,Eneko Eskobal,"Mikel Eskobal, Eneko Eskobal",25-29,01:13:09,4389,73.15,Bilbao,2026,Doubles Men,00:05:03,00:03:58,00:04:39,00:01:24,00:05:29,00:03:33,00:05:26,00:02:36,00:05:38,00:04:29,00:05:12,00:01:21,00:05:11,00:03:41,00:05:02,00:03:55,00:06:39,00:41:36,00:04:39
591,141,Pepe Brotons,Adrián Tomás,"Pepe Brotons, Adrián Tomás",25-29,01:13:12,4392,73.2,Bilbao,2026,Doubles Men,00:05:11,00:04:05,00:05:00,00:02:14,00:05:21,00:03:35,00:05:22,00:03:20,00:05:19,00:04:31,00:04:42,00:01:35,00:04:46,00:03:07,00:05:09,00:04:45,00:05:18,00:40:47,00:04:42
592,187,Matthew Azzopardi,Christos Barkoumas,"Matthew Azzopardi, Christos Barkoumas",30-34,01:13:14,4394,73.23,Bilbao,2026,Doubles Men,00:05:11,00:03:50,00:04:39,00:01:39,00:04:49,00:02:57,00:04:55,00:03:34,00:04:52,00:04:15,00:06:37,00:01:43,00:04:26,00:03:08,00:06:41,00:04:02,00:06:05,00:42:05,00:04:26
593,142,Rémy Cachenaut,Quentin Etcheberry,"Rémy Cachenaut, Quentin Etcheberry",25-29,01:13:16,4396,73.27,Bilbao,2026,Doubles Men,00:05:15,00:04:03,00:04:57,00:01:46,00:05:24,00:03:22,00:05:21,00:02:41,00:05:32,00:04:23,00:05:32,00:01:34,00:05:20,00:03:14,00:05:13,00:03:54,00:05:53,00:42:31,00:04:57
594,21,José Ramón Vázquez Vega,Marcos Sanfiz Fernández,"José Ramón Vázquez Vega, Marcos Sanfiz Fernández",45-49,01:13:17,4397,73.28,Bilbao,2026,Doubles Men,00:05:26,00:04:02,00:05:05,00:01:34,00:05:13,00:02:36,00:05:30,00:03:07,00:05:39,00:04:14,00:05:25,00:01:27,00:05:32,00:04:11,00:05:30,00:03:39,00:05:14,00:43:16,00:05:05
595,116,Daniel Molina Martínez,Borja Zabala Del Arco,"Daniel Molina Martínez, Borja Zabala Del Arco",35-39,01:13:18,4398,73.3,Bilbao,2026,Doubles Men,00:04:53,00:04:05,00:04:43,00:01:50,00:05:13,00:03:34,00:05:15,00:03:22,00:05:11,00:04:11,00:05:14,00:01:25,00:05:08,00:03:13,00:05:18,00:04:16,00:06:36,00:40:52,00:04:43
596,67,Arnaud Drouot,Frederic Fournerat,"Arnaud Drouot, Frederic Fournerat",40-44,01:13:18,4398,73.3,Bilbao,2026,Doubles Men,00:05:25,00:04:01,00:04:54,00:01:54,00:05:10,00:03:27,00:05:04,00:02:44,00:05:20,00:04:17,00:05:19,00:01:42,00:05:22,00:03:22,00:05:40,00:04:07,00:05:40,00:42:09,00:04:54
597,143,Miguel Melo,Juan José Gallego,"Miguel Melo, Juan José Gallego",25-29,01:13:19,4399,73.32,Bilbao,2026,Doubles Men,00:05:08,00:04:09,00:04:48,00:01:57,00:05:13,00:03:51,00:05:06,00:03:16,00:05:06,00:04:23,00:04:50,00:01:19,00:05:14,00:03:52,00:05:06,00:04:32,00:05:37,00:40:28,00:04:48
598,117,Vitor Azevedo,Roberto Rodrigues,"Vitor Azevedo, Roberto Rodrigues",35-39,01:13:20,4400,73.33,Bilbao,2026,Doubles Men,00:04:34,00:04:04,00:04:30,00:01:34,00:04:44,00:03:49,00:04:40,00:03:22,00:04:49,00:04:37,00:04:33,00:01:24,00:04:54,00:04:24,00:04:56,00:05:28,00:07:03,00:37:39,00:04:30
599,10,Rubén González Fernández,Avelino Fernández Castiñeira,"Rubén González Fernández, Avelino Fernández Castiñeira",50-54,01:13:22,4402,73.37,Bilbao,2026,Doubles Men,00:05:27,00:04:12,00:04:48,00:02:10,00:04:53,00:03:48,00:04:57,00:03:13,00:04:58,00:04:33,00:04:57,00:01:38,00:05:05,00:03:52,00:05:15,00:04:32,00:05:12,00:40:16,00:04:48
600,144,Aaron Hernandez,Iker Alba,"Aaron Hernandez, Iker Alba",25-29,01:13:28,4408,73.47,Bilbao,2026,Doubles Men,00:04:23,00:04:04,00:04:18,00:01:54,00:05:08,00:08:32,00:04:52,00:03:15,00:04:54,00:04:24,00:04:39,00:01:28,00:04:38,00:03:22,00:04:47,00:03:58,00:04:58,00:37:36,00:04:18
601,118,Ryan Woodley-Mitchell,Emiel Moerman,"Ryan Woodley-Mitchell, Emiel Moerman",35-39,01:13:29,4409,73.48,Bilbao,2026,Doubles Men,00:04:49,00:03:57,00:04:42,00:02:02,00:05:37,00:03:25,00:05:03,00:03:02,00:05:02,00:04:27,00:04:58,00:01:26,00:04:58,00:03:57,00:05:22,00:04:46,00:06:05,00:40:27,00:04:42
602,188,Nelson L Requeijo,Ivo Teixeira,"Nelson L Requeijo, Ivo Teixeira",30-34,01:13:30,4410,73.5,Bilbao,2026,Doubles Men,00:04:36,00:03:57,00:04:51,00:02:19,00:05:27,00:03:40,00:05:17,00:03:00,00:05:13,00:04:29,00:05:00,00:01:25,00:04:59,00:03:12,00:05:11,00:04:35,00:06:27,00:40:30,00:04:51
603,189,Fernando Pérez De Armiñán Herrero,Miguel Torres Porta,"Fernando Pérez De Armiñán Herrero, Miguel Torres Porta",30-34,01:13:31,4411,73.52,Bilbao,2026,Doubles Men,00:04:51,00:04:12,00:04:32,00:02:07,00:04:52,00:03:47,00:04:50,00:04:05,00:05:01,00:04:15,00:04:59,00:01:40,00:04:49,00:04:03,00:04:53,00:04:33,00:06:11,00:38:43,00:04:32
604,145,Paul Cauquil,Quentin Remy,"Paul Cauquil, Quentin Remy",25-29,01:13:32,4412,73.53,Bilbao,2026,Doubles Men,00:05:28,00:04:03,00:05:10,00:01:38,00:05:28,00:03:22,00:05:24,00:02:43,00:05:29,00:04:22,00:05:16,00:01:11,00:05:21,00:02:58,00:05:42,00:03:36,00:06:29,00:43:15,00:05:10
605,11,Jose Giraldo,Antonio Suárez,"Jose Giraldo, Antonio Suárez",50-54,01:13:33,4413,73.55,Bilbao,2026,Doubles Men,00:04:22,00:03:57,00:04:24,00:02:21,00:04:50,00:03:09,00:04:56,00:03:32,00:05:12,00:04:26,00:05:18,00:01:41,00:05:30,00:03:58,00:05:42,00:04:25,00:05:57,00:40:11,00:04:24
606,190,Frederic Gómez Barberá,Jorge Márquez Defez,"Frederic Gómez Barberá, Jorge Márquez Defez",30-34,01:13:43,4423,73.72,Bilbao,2026,Doubles Men,00:05:54,00:04:36,00:05:16,00:01:47,00:05:17,00:03:43,00:05:05,00:02:56,00:05:10,00:04:54,00:05:07,00:01:20,00:05:00,00:03:07,00:04:57,00:04:13,00:05:29,00:41:43,00:04:57
607,119,Inaxio Oiarzabal,Inhar Urbieta,"Inaxio Oiarzabal, Inhar Urbieta",35-39,01:13:48,4428,73.8,Bilbao,2026,Doubles Men,00:05:02,00:04:19,00:04:45,00:02:13,00:05:10,00:04:03,00:04:56,00:02:58,00:04:58,00:04:38,00:04:49,00:01:36,00:04:53,00:03:39,00:04:53,00:05:04,00:06:01,00:39:22,00:04:45
608,120,Yann Personnic,David Gomes,"Yann Personnic, David Gomes",35-39,01:13:51,4431,73.85,Bilbao,2026,Doubles Men,00:04:49,00:03:45,00:04:55,00:02:02,00:04:51,00:03:48,00:05:03,00:04:01,00:05:08,00:04:27,00:05:12,00:01:25,00:05:22,00:03:20,00:05:51,00:04:13,00:05:50,00:41:07,00:04:51
609,146,Valentin Verne,Thomas Coltier,"Valentin Verne, Thomas Coltier",25-29,01:13:51,4431,73.85,Bilbao,2026,Doubles Men,00:05:00,00:04:27,00:04:45,00:01:50,00:05:10,00:03:24,00:05:27,00:02:15,00:05:33,00:04:35,00:05:19,00:01:40,00:05:24,00:02:54,00:05:49,00:03:57,00:06:31,00:42:24,00:04:45
610,121,Thomas Waroux,Rémi Rouquette,"Thomas Waroux, Rémi Rouquette",35-39,01:13:55,4435,73.92,Bilbao,2026,Doubles Men,00:05:09,00:03:57,00:04:48,00:01:40,00:05:01,00:02:54,00:05:02,00:04:06,00:04:57,00:04:42,00:05:02,00:01:24,00:05:15,00:04:08,00:05:22,00:04:02,00:06:31,00:40:34,00:04:48
611,191,Andrés García Alesanco,Diego Angosto Monserrat,"Andrés García Alesanco, Diego Angosto Monserrat",30-34,01:13:55,4435,73.92,Bilbao,2026,Doubles Men,00:05:28,00:04:04,00:05:05,00:02:09,00:05:21,00:03:48,00:05:09,00:02:21,00:05:24,00:04:19,00:05:13,00:01:34,00:05:20,00:03:40,00:05:31,00:04:20,00:05:17,00:42:28,00:05:05
612,122,Glenn Winship,Logan Winship,"Glenn Winship, Logan Winship",35-39,01:13:57,4437,73.95,Bilbao,2026,Doubles Men,00:04:48,00:03:53,00:04:46,00:01:37,00:05:17,00:03:02,00:05:01,00:03:26,00:05:01,00:04:43,00:04:49,00:01:16,00:04:30,00:03:04,00:04:23,00:05:20,00:09:09,00:38:30,00:04:23
613,147,Manuel Román Moreno,Felipe Segundo Acosta,"Manuel Román Moreno, Felipe Segundo Acosta",25-29,01:13:57,4437,73.95,Bilbao,2026,Doubles Men,00:04:56,00:03:56,00:04:42,00:01:43,00:05:37,00:03:33,00:05:08,00:02:58,00:05:11,00:04:13,00:05:34,00:04:23,00:05:06,00:02:52,00:05:11,00:03:36,–,00:41:22,00:04:42
614,68,Miguel Montaner,Jordi Bosch,"Miguel Montaner, Jordi Bosch",40-44,01:14:00,4440,74.0,Bilbao,2026,Doubles Men,00:05:02,00:03:51,00:04:47,00:02:07,00:05:08,00:03:40,00:04:52,00:03:49,00:05:23,00:04:23,00:05:08,00:01:47,00:05:13,00:04:21,00:05:13,00:04:31,00:04:54,00:40:42,00:04:47
615,123,Gerard Not,Alvaro Orozco,"Gerard Not, Alvaro Orozco",35-39,01:14:01,4441,74.02,Bilbao,2026,Doubles Men,00:04:57,00:04:15,00:04:35,00:01:49,00:05:00,00:04:04,00:05:02,00:03:29,00:05:12,00:04:53,00:04:51,00:01:35,00:04:53,00:04:08,00:04:57,00:04:17,00:06:11,00:39:24,00:04:35
616,148,Alvaro De La Rosa,Ion Moya,"Alvaro De La Rosa, Ion Moya",25-29,01:14:03,4443,74.05,Bilbao,2026,Doubles Men,00:05:19,00:04:15,00:04:43,00:02:11,00:05:19,00:04:22,00:05:05,00:03:02,00:05:14,00:04:40,00:05:02,00:01:39,00:04:52,00:03:14,00:05:02,00:03:43,00:06:27,00:40:33,00:04:43
617,52,Gabriele Cazzin,Elia Vaccaro,"Gabriele Cazzin, Elia Vaccaro",16-24,01:14:05,4445,74.08,Bilbao,2026,Doubles Men,00:05:38,00:04:22,00:05:17,00:01:52,00:05:13,00:03:33,00:05:07,00:02:58,00:05:17,00:04:50,00:04:42,00:01:21,00:04:35,00:03:24,00:04:30,00:05:22,00:06:12,00:40:16,00:04:30
618,149,Alberto Gonzalez Barambio,Aitor Merino Navarro,"Alberto Gonzalez Barambio, Aitor Merino Navarro",25-29,01:14:08,4448,74.13,Bilbao,2026,Doubles Men,00:04:42,00:03:55,00:04:36,00:02:14,00:05:17,00:02:59,00:05:03,00:03:19,00:04:50,00:04:32,00:04:50,00:03:39,00:05:00,00:03:51,00:04:57,00:04:15,00:06:16,00:39:12,00:04:36
619,150,Gerardo Aramendia Arza,Victor Posada Ripa,"Gerardo Aramendia Arza, Victor Posada Ripa",25-29,01:14:11,4451,74.18,Bilbao,2026,Doubles Men,00:05:13,00:04:18,00:04:55,00:01:42,00:05:16,00:03:53,00:05:21,00:02:34,00:05:33,00:04:26,00:05:39,00:01:35,00:05:28,00:03:27,00:05:58,00:04:04,00:04:57,00:43:19,00:04:55
620,192,Vasco Varela,Jorge Oliveira,"Vasco Varela, Jorge Oliveira",30-34,01:14:14,4454,74.23,Bilbao,2026,Doubles Men,00:05:23,00:04:15,00:04:49,00:02:12,00:05:07,00:03:18,00:05:08,00:03:11,00:05:17,00:04:40,00:05:16,00:01:26,00:05:20,00:03:56,00:05:29,00:04:18,00:05:18,00:41:45,00:04:49
621,69,Yusmel Granja Vidaña,Carlos Torrado Herrero,"Yusmel Granja Vidaña, Carlos Torrado Herrero",40-44,01:14:15,4455,74.25,Bilbao,2026,Doubles Men,00:05:26,00:03:59,00:05:01,00:01:28,00:05:31,00:03:35,00:05:45,00:02:59,00:05:52,00:04:08,00:05:49,00:01:18,00:05:41,00:03:11,00:05:10,00:03:38,00:05:51,00:44:12,00:05:01
622,151,Alvaro Perez,Alex Segura,"Alvaro Perez, Alex Segura",25-29,01:14:17,4457,74.28,Bilbao,2026,Doubles Men,00:05:28,00:04:03,00:04:58,00:01:54,00:05:25,00:04:19,00:05:26,00:02:32,00:05:37,00:04:14,00:05:27,00:01:27,00:05:31,00:03:06,00:05:16,00:03:53,00:05:51,00:43:03,00:04:58
623,124,Waldo Gutiérrez,Jokin Tapia,"Waldo Gutiérrez, Jokin Tapia",35-39,01:14:18,4458,74.3,Bilbao,2026,Doubles Men,00:04:57,00:04:06,00:04:41,00:01:47,00:04:51,00:03:48,00:05:30,00:03:36,00:05:23,00:04:33,00:05:23,00:01:39,00:05:17,00:03:44,00:05:23,00:03:55,00:05:52,00:41:22,00:04:41
624,53,Javier Martinez Pastor,Alejandro Martinez Pastor,"Javier Martinez Pastor, Alejandro Martinez Pastor",16-24,01:14:19,4459,74.32,Bilbao,2026,Doubles Men,00:04:55,00:04:04,00:04:39,00:02:21,00:05:14,00:03:36,00:05:14,00:02:40,00:05:19,00:04:20,00:05:01,00:01:23,00:05:06,00:03:29,00:05:24,00:04:03,00:07:39,00:40:48,00:04:39
625,12,Javier Sanvicente,Fernando Novales,"Javier Sanvicente, Fernando Novales",50-54,01:14:19,4459,74.32,Bilbao,2026,Doubles Men,00:04:41,00:03:56,00:04:48,00:01:54,00:05:15,00:03:38,00:05:24,00:03:10,00:05:29,00:04:25,00:05:06,00:01:28,00:05:27,00:03:43,00:05:51,00:04:05,00:06:09,00:41:57,00:04:48
626,54,Jon Etxebeste,Ibon Barandarain,"Jon Etxebeste, Ibon Barandarain",16-24,01:14:21,4461,74.35,Bilbao,2026,Doubles Men,00:04:25,00:03:42,00:04:50,00:01:48,00:05:48,00:03:19,00:06:09,00:02:45,00:05:45,00:04:23,00:05:33,00:01:22,00:05:47,00:02:54,00:05:31,00:04:02,00:06:28,00:43:43,00:04:50
627,152,Montel Brown,Zachary Lee,"Montel Brown, Zachary Lee",25-29,01:14:30,4470,74.5,Bilbao,2026,Doubles Men,00:04:54,00:04:19,00:04:37,00:01:44,00:04:47,00:03:26,00:05:01,00:04:39,00:04:56,00:04:56,00:04:37,00:01:24,00:04:52,00:04:06,00:04:39,00:06:25,00:05:16,00:38:20,00:04:37
628,70,Tomas Negro,Borja Velasco,"Tomas Negro, Borja Velasco",40-44,01:14:33,4473,74.55,Bilbao,2026,Doubles Men,00:05:11,00:03:57,00:04:44,00:01:57,00:05:01,00:03:36,00:04:57,00:03:25,00:05:15,00:04:45,00:05:15,00:01:37,00:05:19,00:04:14,00:05:32,00:04:28,00:05:30,00:41:09,00:04:44
629,125,Roderick Vaz,Xabier Blanco,"Roderick Vaz, Xabier Blanco",35-39,01:14:34,4474,74.57,Bilbao,2026,Doubles Men,00:05:34,00:04:03,00:05:13,00:01:32,00:05:27,00:02:57,00:05:42,00:03:20,00:05:19,00:04:34,00:05:24,00:01:34,00:05:08,00:03:26,00:05:01,00:03:41,00:06:47,00:42:45,00:05:01
630,193,José Cortez Angulo,Cristhian Aguirre Contreras,"José Cortez Angulo, Cristhian Aguirre Contreras",30-34,01:14:35,4475,74.58,Bilbao,2026,Doubles Men,00:05:18,00:04:18,00:04:47,00:01:59,00:04:58,00:03:38,00:04:55,00:03:04,00:05:05,00:04:52,00:05:05,00:01:44,00:05:00,00:03:56,00:05:10,00:04:35,00:06:19,00:40:14,00:04:47
631,194,Tanguy Madec,Pierre Vernier,"Tanguy Madec, Pierre Vernier",30-34,01:14:36,4476,74.6,Bilbao,2026,Doubles Men,00:05:24,00:04:00,00:04:48,00:02:18,00:04:50,00:05:42,00:04:43,00:03:25,00:05:15,00:04:08,00:05:04,00:01:20,00:04:59,00:03:52,00:04:58,00:04:25,00:05:33,00:39:58,00:04:43
632,71,Ander Ugarte Cuetara,Iker Goiri,"Ander Ugarte Cuetara, Iker Goiri",40-44,01:14:37,4477,74.62,Bilbao,2026,Doubles Men,00:04:52,00:04:14,00:04:37,00:01:51,00:04:34,00:03:18,00:04:51,00:03:36,00:05:02,00:04:41,00:06:59,00:01:32,00:04:48,00:04:05,00:04:49,00:05:12,00:05:45,00:40:28,00:04:34
633,153,Ander Touza,Xabier Baqué,"Ander Touza, Xabier Baqué",25-29,01:14:37,4477,74.62,Bilbao,2026,Doubles Men,00:05:46,00:04:27,00:05:11,00:02:00,00:05:13,00:03:16,00:05:10,00:03:08,00:05:23,00:04:42,00:05:10,00:01:22,00:05:01,00:03:29,00:05:22,00:04:03,00:06:01,00:42:13,00:05:01
634,126,Joan Fresneda,Pablo Donat,"Joan Fresneda, Pablo Donat",35-39,01:14:38,4478,74.63,Bilbao,2026,Doubles Men,00:05:05,00:03:46,00:04:52,00:01:46,00:05:10,00:03:18,00:05:18,00:03:12,00:05:24,00:04:38,00:05:22,00:01:12,00:05:31,00:03:50,00:05:35,00:04:30,00:06:14,00:42:15,00:04:52
635,195,Anton Calvete De Miguel,Ramiro Chilingirian Padron,"Anton Calvete De Miguel, Ramiro Chilingirian Padron",30-34,01:14:38,4478,74.63,Bilbao,2026,Doubles Men,00:05:17,00:04:01,00:04:31,00:01:34,00:05:06,00:03:08,00:05:11,00:03:32,00:05:19,00:04:19,00:05:36,00:01:34,00:04:58,00:04:35,00:05:04,00:04:50,00:06:12,00:40:58,00:04:31
636,127,Eneko Abascal Alvarez,Javier Mediavilla Quintana,"Eneko Abascal Alvarez, Javier Mediavilla Quintana",35-39,01:14:40,4480,74.67,Bilbao,2026,Doubles Men,00:05:02,00:04:04,00:04:56,00:02:00,00:05:16,00:04:09,00:05:20,00:03:14,00:05:05,00:04:29,00:05:12,00:01:39,00:05:24,00:03:30,00:05:23,00:03:52,00:06:13,00:41:35,00:04:56
637,128,Gonçalo Borges,Ricardo Cordeiro,"Gonçalo Borges, Ricardo Cordeiro",35-39,01:14:40,4480,74.67,Bilbao,2026,Doubles Men,00:05:14,00:04:00,00:04:49,00:01:51,00:05:11,00:03:24,00:05:04,00:03:33,00:05:22,00:04:28,00:05:28,00:01:45,00:05:32,00:04:05,00:05:34,00:04:14,00:05:12,00:42:11,00:04:49
638,13,Jesus Beamonte,Roberto Garay,"Jesus Beamonte, Roberto Garay",50-54,01:14:41,4481,74.68,Bilbao,2026,Doubles Men,00:05:46,00:04:09,00:05:13,00:02:20,00:05:18,00:03:16,00:05:13,00:02:32,00:05:19,00:04:21,00:05:05,00:01:29,00:05:09,00:03:46,00:04:53,00:05:10,00:05:51,00:41:52,00:04:53
639,154,Nathan Lynch,Niall Fanshawe,"Nathan Lynch, Niall Fanshawe",25-29,01:14:44,4484,74.73,Bilbao,2026,Doubles Men,00:05:35,00:04:15,00:04:55,00:02:08,00:05:10,00:03:12,00:05:07,00:03:04,00:05:15,00:04:56,00:05:08,00:01:45,00:04:56,00:03:50,00:04:56,00:04:42,00:05:56,00:40:59,00:04:55
640,129,Mikel Barandiaran,Julen Barrenetxea,"Mikel Barandiaran, Julen Barrenetxea",35-39,01:15:05,4505,75.08,Bilbao,2026,Doubles Men,00:06:02,00:04:07,00:05:35,00:01:56,00:05:40,00:02:46,00:05:35,00:02:40,00:05:43,00:04:13,00:05:31,00:01:31,00:05:14,00:03:37,00:05:17,00:03:53,00:05:54,00:44:32,00:05:14
641,196,Erik Cserepes,Laszlo Palffy,"Erik Cserepes, Laszlo Palffy",30-34,01:15:08,4508,75.13,Bilbao,2026,Doubles Men,00:05:03,00:04:04,00:05:10,00:02:07,00:05:22,00:05:03,00:05:12,00:02:27,00:05:11,00:04:17,00:05:14,00:01:34,00:05:03,00:03:53,00:05:08,00:04:23,00:06:05,00:41:19,00:05:03
642,197,José Ángel Tomas Amerigo,José Francisco González Sánchez,"José Ángel Tomas Amerigo, José Francisco González Sánchez",30-34,01:15:08,4508,75.13,Bilbao,2026,Doubles Men,00:05:10,00:04:04,00:05:01,00:02:35,00:04:55,00:04:18,00:04:57,00:04:25,00:05:13,00:04:17,00:04:54,00:01:36,00:04:53,00:03:57,00:04:39,00:04:38,00:05:42,00:39:40,00:04:39
643,198,Alfonso Amaya,Carlos Hinojosa,"Alfonso Amaya, Carlos Hinojosa",30-34,01:15:09,4509,75.15,Bilbao,2026,Doubles Men,00:04:33,00:04:06,00:04:42,00:01:54,00:05:16,00:03:43,00:05:22,00:03:03,00:05:28,00:04:33,00:05:26,00:01:41,00:05:22,00:03:55,00:05:29,00:04:29,00:06:13,00:41:35,00:04:42
644,199,Matt Sloyan,Joe Mcgurk,"Matt Sloyan, Joe Mcgurk",30-34,01:15:13,4513,75.22,Bilbao,2026,Doubles Men,00:05:55,00:03:47,00:05:23,00:01:50,00:05:38,00:03:05,00:05:39,00:03:16,00:05:32,00:04:02,00:05:32,00:01:34,00:05:36,00:03:21,00:05:39,00:04:03,00:05:29,00:44:51,00:05:23
645,130,Oier Gómez,Javi Castro Orive,"Oier Gómez, Javi Castro Orive",35-39,01:15:14,4514,75.23,Bilbao,2026,Doubles Men,00:04:48,00:04:11,00:04:32,00:02:06,00:04:57,00:04:45,00:04:56,00:03:52,00:04:54,00:04:51,00:04:45,00:01:45,00:04:47,00:03:47,00:05:04,00:04:35,00:06:46,00:38:40,00:04:32
646,155,Adrian Vicandi,Ander Armas,"Adrian Vicandi, Ander Armas",25-29,01:15:15,4515,75.25,Bilbao,2026,Doubles Men,00:05:16,00:04:05,00:05:01,00:01:49,00:05:30,00:03:23,00:05:28,00:03:42,00:05:25,00:04:36,00:05:17,00:02:00,00:05:29,00:03:21,00:05:24,00:03:40,00:05:56,00:42:46,00:05:01
647,156,Charlie Davis,Josh Roston,"Charlie Davis, Josh Roston",25-29,01:15:17,4517,75.28,Bilbao,2026,Doubles Men,00:05:24,00:04:15,00:04:52,00:01:54,00:05:07,00:03:20,00:05:25,00:03:31,00:05:11,00:04:48,00:05:13,00:01:28,00:05:13,00:04:11,00:05:13,00:04:28,00:05:52,00:41:36,00:04:52
648,200,Fernando García,Jaime Irigaray,"Fernando García, Jaime Irigaray",30-34,01:15:17,4517,75.28,Bilbao,2026,Doubles Men,00:04:48,00:03:58,00:04:37,00:02:59,00:05:38,00:03:14,00:04:57,00:03:52,00:05:05,00:04:20,00:04:54,00:01:44,00:04:46,00:03:08,00:06:21,00:05:32,00:05:31,00:41:05,00:04:37
649,201,Nicholas Martin,Thomas Martin,"Nicholas Martin, Thomas Martin",30-34,01:15:21,4521,75.35,Bilbao,2026,Doubles Men,00:05:50,00:04:02,00:05:10,00:01:46,00:05:23,00:03:01,00:05:16,00:03:25,00:05:24,00:04:19,00:05:24,00:01:34,00:05:25,00:04:02,00:05:30,00:04:37,00:05:21,00:43:18,00:05:10
650,202,Jon Sein Osinaga,Miguel Ostiz Garchitorena,"Jon Sein Osinaga, Miguel Ostiz Garchitorena",30-34,01:15:23,4523,75.38,Bilbao,2026,Doubles Men,00:05:30,00:03:52,00:04:57,00:01:40,00:05:29,00:03:42,00:05:23,00:03:18,00:05:38,00:04:37,00:05:24,00:01:31,00:05:02,00:02:30,00:05:15,00:04:21,00:07:20,00:42:36,00:04:57
651,131,Carlos Carrillo García,Sergio Saguar Taboada,"Carlos Carrillo García, Sergio Saguar Taboada",35-39,01:15:23,4523,75.38,Bilbao,2026,Doubles Men,00:05:04,00:04:26,00:04:54,00:01:56,00:05:11,00:04:01,00:05:05,00:02:48,00:05:13,00:04:35,00:05:23,00:01:29,00:05:20,00:02:54,00:05:25,00:04:50,00:06:58,00:41:31,00:04:54
652,22,Jose Manuel (Veiga) Gonzalez Blanco,Jose Silveira,"Jose Manuel (Veiga) Gonzalez Blanco, Jose Silveira",45-49,01:15:25,4525,75.42,Bilbao,2026,Doubles Men,00:04:42,00:04:08,00:04:47,00:02:18,00:05:03,00:04:02,00:05:05,00:04:03,00:05:04,00:04:38,00:05:03,00:01:30,00:05:08,00:04:34,00:05:08,00:04:35,00:05:43,00:39:57,00:04:47
653,55,Dylan Saucy,Quentin Sanders,"Dylan Saucy, Quentin Sanders",16-24,01:15:26,4526,75.43,Bilbao,2026,Doubles Men,00:04:57,00:04:01,00:05:10,00:01:39,00:06:01,00:03:32,00:06:28,00:02:12,00:06:37,00:04:15,00:06:01,00:01:20,00:05:59,00:02:55,00:05:59,00:03:30,00:04:59,00:47:08,00:05:10
654,132,Arkaitz Luis,Endika Fernandez,"Arkaitz Luis, Endika Fernandez",35-39,01:15:27,4527,75.45,Bilbao,2026,Doubles Men,00:05:42,00:04:00,00:05:08,00:01:37,00:05:32,00:02:53,00:05:29,00:02:52,00:05:37,00:04:47,00:05:37,00:01:54,00:05:29,00:03:32,00:05:43,00:03:56,00:05:46,00:44:13,00:05:08
655,23,Raul Ayuso Diaz,David Araujo Rodriguez,"Raul Ayuso Diaz, David Araujo Rodriguez",45-49,01:15:29,4529,75.48,Bilbao,2026,Doubles Men,00:04:51,00:04:12,00:04:50,00:02:29,00:05:08,00:04:36,00:05:04,00:02:54,00:05:25,00:04:50,00:05:16,00:01:53,00:05:17,00:03:58,00:05:10,00:04:03,00:05:39,00:41:00,00:04:50
656,203,Raúl Herbada Paz,Gonzalo Galiana Rojas,"Raúl Herbada Paz, Gonzalo Galiana Rojas",30-34,01:15:29,4529,75.48,Bilbao,2026,Doubles Men,00:05:27,00:04:22,00:05:00,00:01:51,00:05:38,00:03:28,00:05:34,00:03:25,00:05:35,00:04:39,00:05:31,00:01:29,00:05:19,00:03:05,00:05:27,00:04:09,00:05:38,00:43:26,00:05:00
657,72,Bruno Floro,Miguel Iria,"Bruno Floro, Miguel Iria",40-44,01:15:33,4533,75.55,Bilbao,2026,Doubles Men,00:05:03,00:03:50,00:04:58,00:02:01,00:05:29,00:03:22,00:05:32,00:03:13,00:05:44,00:04:15,00:05:35,00:01:35,00:05:50,00:03:50,00:05:36,00:04:10,00:05:39,00:43:43,00:04:58
658,204,Philippe Da Assuncao,Quentin Albie,"Philippe Da Assuncao, Quentin Albie",30-34,01:15:34,4534,75.57,Bilbao,2026,Doubles Men,00:05:55,00:04:05,00:05:24,00:01:32,00:05:32,00:02:44,00:05:28,00:03:29,00:05:37,00:04:29,00:05:03,00:01:13,00:05:04,00:04:16,00:05:00,00:04:26,00:06:26,00:42:58,00:05:00
659,205,Manuel Sperling,Kai Fischer,"Manuel Sperling, Kai Fischer",30-34,01:15:35,4535,75.58,Bilbao,2026,Doubles Men,00:05:55,00:04:05,00:05:24,00:01:32,00:05:31,00:02:43,00:05:28,00:03:25,00:05:37,00:04:28,00:05:03,00:01:08,00:05:05,00:04:18,00:05:01,00:04:25,00:06:35,00:43:00,00:05:01
660,133,Dani Mercader,Alberto Lorrio,"Dani Mercader, Alberto Lorrio",35-39,01:15:38,4538,75.63,Bilbao,2026,Doubles Men,00:04:56,00:04:01,00:04:55,00:01:52,00:05:10,00:03:44,00:05:13,00:03:37,00:05:15,00:04:29,00:05:17,00:01:43,00:05:22,00:03:17,00:05:25,00:03:44,00:07:44,00:41:30,00:04:55
661,73,Sebastián De La O,Andrés Peinado,"Sebastián De La O, Andrés Peinado",40-44,01:15:40,4540,75.67,Bilbao,2026,Doubles Men,00:05:09,00:04:14,00:05:03,00:02:23,00:05:07,00:03:58,00:05:06,00:03:26,00:05:05,00:04:46,00:05:03,00:01:38,00:04:55,00:04:06,00:05:03,00:05:01,00:05:48,00:40:27,00:04:55
662,206,Jon Imanol Gonzalo Quintanilla,Borja Cortés Ormazabal,"Jon Imanol Gonzalo Quintanilla, Borja Cortés Ormazabal",30-34,01:15:41,4541,75.68,Bilbao,2026,Doubles Men,00:04:31,00:03:43,00:09:21,00:02:15,00:05:08,00:03:21,00:05:09,00:03:08,00:05:13,00:04:30,00:05:10,00:01:31,00:04:57,00:03:30,00:05:11,00:04:01,00:05:11,00:44:36,00:04:57
663,14,Kepa Menika,Xabier Menika,"Kepa Menika, Xabier Menika",50-54,01:15:45,4545,75.75,Bilbao,2026,Doubles Men,00:05:17,00:04:10,00:04:40,00:02:02,00:04:50,00:03:45,00:05:00,00:04:00,00:05:06,00:04:52,00:04:53,00:01:33,00:04:53,00:04:36,00:05:04,00:04:18,00:06:53,00:39:39,00:04:40
664,56,Diego Valero Otonín,Antonio Porcuna Camargo,"Diego Valero Otonín, Antonio Porcuna Camargo",16-24,01:15:45,4545,75.75,Bilbao,2026,Doubles Men,00:05:14,00:04:24,00:04:52,00:01:38,00:05:15,00:03:25,00:05:29,00:03:25,00:05:43,00:05:03,00:05:25,00:02:07,00:05:10,00:02:55,00:05:22,00:04:44,00:05:40,00:42:28,00:04:52
665,74,Andres Martin,Marcos Hurtado,"Andres Martin, Marcos Hurtado",40-44,01:15:49,4549,75.82,Bilbao,2026,Doubles Men,00:05:14,00:04:05,00:04:59,00:02:12,00:05:08,00:03:37,00:05:00,00:03:48,00:05:08,00:04:46,00:04:56,00:01:27,00:04:52,00:04:24,00:05:02,00:04:34,00:06:45,00:40:16,00:04:52
666,75,Eneko Larre,Olivier Larre,"Eneko Larre, Olivier Larre",40-44,01:15:50,4550,75.83,Bilbao,2026,Doubles Men,00:05:07,00:04:00,00:05:15,00:02:21,00:05:29,00:03:51,00:05:22,00:02:51,00:05:37,00:04:24,00:05:26,00:01:52,00:05:12,00:03:22,00:05:13,00:04:34,00:06:01,00:42:39,00:05:12
667,134,Antton Lartigue,Iñaki Lartigue,"Antton Lartigue, Iñaki Lartigue",35-39,01:15:54,4554,75.9,Bilbao,2026,Doubles Men,00:04:49,00:04:10,00:04:49,00:01:38,00:05:01,00:05:11,00:04:58,00:03:55,00:05:04,00:04:15,00:04:57,00:01:25,00:04:43,00:03:40,00:05:20,00:05:16,00:06:52,00:39:37,00:04:43
668,157,Juan Urkiola,Iñigo Zufiaur,"Juan Urkiola, Iñigo Zufiaur",25-29,01:16:00,4560,76.0,Bilbao,2026,Doubles Men,00:06:57,00:03:59,00:04:30,00:01:45,00:05:02,00:04:12,00:04:54,00:03:46,00:05:06,00:04:46,00:05:03,00:01:49,00:04:40,00:03:53,00:04:59,00:04:28,00:06:20,00:41:08,00:04:30
669,76,Filipe Nascimento,Jorge Nascimento,"Filipe Nascimento, Jorge Nascimento",40-44,01:16:02,4562,76.03,Bilbao,2026,Doubles Men,00:05:11,00:04:09,00:04:50,00:01:53,00:05:14,00:04:10,00:05:16,00:03:37,00:05:39,00:04:31,00:05:17,00:01:31,00:05:14,00:04:09,00:05:19,00:04:55,00:05:15,00:41:56,00:04:50
670,135,Neil Dowling,Brian Kelly,"Neil Dowling, Brian Kelly",35-39,01:16:05,4565,76.08,Bilbao,2026,Doubles Men,00:05:11,00:04:14,00:04:43,00:02:14,00:05:03,00:03:54,00:04:58,00:04:26,00:04:58,00:04:39,00:04:53,00:02:00,00:04:58,00:04:16,00:05:18,00:04:55,00:05:33,00:39:59,00:04:43
671,136,Sebastián Jesús Gómez Sáenz-Laguna,Rubén Pérez Sáenz,"Sebastián Jesús Gómez Sáenz-Laguna, Rubén Pérez Sáenz",35-39,01:16:05,4565,76.08,Bilbao,2026,Doubles Men,00:04:59,00:03:55,00:04:58,00:02:24,00:05:28,00:03:28,00:05:46,00:03:10,00:05:20,00:04:42,00:05:19,00:01:23,00:05:28,00:03:52,00:05:38,00:03:50,00:06:31,00:42:54,00:04:58
672,207,Ekaitz Dudagoitia,Iker Perez,"Ekaitz Dudagoitia, Iker Perez",30-34,01:16:06,4566,76.1,Bilbao,2026,Doubles Men,00:04:57,00:03:53,00:04:32,00:02:01,00:04:49,00:02:51,00:04:53,00:02:42,00:06:01,00:04:12,00:06:20,00:01:27,00:07:23,00:03:23,00:06:48,00:03:41,00:06:21,00:45:40,00:04:32
673,137,Óscar Franco Real,Iago Anello Fórneas,"Óscar Franco Real, Iago Anello Fórneas",35-39,01:16:08,4568,76.13,Bilbao,2026,Doubles Men,00:04:59,00:03:58,00:04:50,00:02:16,00:05:34,00:03:06,00:05:32,00:03:02,00:05:40,00:04:27,00:05:29,00:01:35,00:05:38,00:03:46,00:05:41,00:04:12,00:06:32,00:43:20,00:04:50
674,77,Josu Uribeetxeberria,Ibon Labiano,"Josu Uribeetxeberria, Ibon Labiano",40-44,01:16:09,4569,76.15,Bilbao,2026,Doubles Men,00:05:22,00:04:10,00:04:53,00:02:34,00:04:55,00:03:52,00:04:58,00:03:22,00:05:20,00:04:35,00:05:10,00:01:57,00:05:07,00:04:04,00:05:32,00:03:59,00:06:29,00:41:13,00:04:53
675,158,Tomás Yepes,Pedro López,"Tomás Yepes, Pedro López",25-29,01:16:10,4570,76.17,Bilbao,2026,Doubles Men,00:05:48,00:04:04,00:05:31,00:01:59,00:05:34,00:03:32,00:05:26,00:02:44,00:05:38,00:04:14,00:05:43,00:01:46,00:05:41,00:03:40,00:05:24,00:04:23,00:05:10,00:44:41,00:05:24
676,208,Juan Pablo Hernández,Alberto Herrero,"Juan Pablo Hernández, Alberto Herrero",30-34,01:16:11,4571,76.18,Bilbao,2026,Doubles Men,00:05:47,00:04:26,00:05:10,00:02:13,00:05:22,00:03:12,00:05:22,00:02:41,00:05:28,00:04:55,00:05:27,00:01:27,00:05:19,00:03:51,00:04:59,00:04:17,00:06:27,00:42:48,00:04:59
677,159,Ibon Ruiz,Álvaro Casal,"Ibon Ruiz, Álvaro Casal",25-29,01:16:12,4572,76.2,Bilbao,2026,Doubles Men,00:04:28,00:04:01,00:04:48,00:02:04,00:06:04,00:03:51,00:05:37,00:02:47,00:05:32,00:04:32,00:05:22,00:01:30,00:04:59,00:03:38,00:05:09,00:05:16,00:06:44,00:41:54,00:04:48
678,160,Leonardo Barsotti,Leonardo Civantos Ruiz,"Leonardo Barsotti, Leonardo Civantos Ruiz",25-29,01:16:16,4576,76.27,Bilbao,2026,Doubles Men,00:05:29,00:04:10,00:04:55,00:02:03,00:05:29,00:03:13,00:05:42,00:02:45,00:05:29,00:04:25,00:05:35,00:01:51,00:05:38,00:03:06,00:05:57,00:03:46,00:06:51,00:44:10,00:04:55
679,138,Urko Sodeto,Favio Rojas,"Urko Sodeto, Favio Rojas",35-39,01:16:22,4582,76.37,Bilbao,2026,Doubles Men,00:05:50,00:04:35,00:05:13,00:02:01,00:05:40,00:03:29,00:05:32,00:03:05,00:05:28,00:04:36,00:05:29,00:01:22,00:05:35,00:03:01,00:05:43,00:03:38,00:06:13,00:44:26,00:05:13
680,139,Mario Granado,Josué Bordón,"Mario Granado, Josué Bordón",35-39,01:16:22,4582,76.37,Bilbao,2026,Doubles Men,00:05:11,00:04:02,00:05:06,00:01:37,00:05:30,00:03:25,00:05:29,00:03:39,00:05:29,00:04:15,00:07:04,00:01:32,00:05:45,00:03:47,00:05:27,00:03:56,00:05:17,00:44:56,00:05:06
681,209,Cédric Imbert,Maxime Chaubert,"Cédric Imbert, Maxime Chaubert",30-34,01:16:23,4583,76.38,Bilbao,2026,Doubles Men,00:05:55,00:04:08,00:05:13,00:01:51,00:05:36,00:03:40,00:05:34,00:03:22,00:05:38,00:04:27,00:05:29,00:01:36,00:05:31,00:03:11,00:05:19,00:04:38,00:05:24,00:44:11,00:05:13
682,210,Luis Afonso,Joao Parracho,"Luis Afonso, Joao Parracho",30-34,01:16:26,4586,76.43,Bilbao,2026,Doubles Men,00:05:28,00:03:49,00:05:00,00:01:49,00:05:22,00:03:21,00:05:33,00:03:46,00:05:53,00:04:25,00:05:45,00:01:43,00:05:43,00:03:19,00:05:45,00:04:01,00:05:52,00:44:26,00:05:00
683,140,Claudio Sannitu,Denny Tenerelli,"Claudio Sannitu, Denny Tenerelli",35-39,01:16:30,4590,76.5,Bilbao,2026,Doubles Men,00:04:51,00:04:16,00:04:53,00:02:08,00:05:23,00:03:40,00:05:20,00:02:34,00:05:30,00:04:35,00:05:17,00:01:34,00:05:24,00:04:23,00:05:27,00:05:38,00:05:46,00:42:01,00:04:53
684,141,Gonzalo Domínguez Díaz,Alvaro Astorgano Diez,"Gonzalo Domínguez Díaz, Alvaro Astorgano Diez",35-39,01:16:36,4596,76.6,Bilbao,2026,Doubles Men,00:05:45,00:04:04,00:05:24,00:01:39,00:05:28,00:03:12,00:05:45,00:03:15,00:05:34,00:04:24,00:05:26,00:01:37,00:05:28,00:03:22,00:05:26,00:04:33,00:06:20,00:44:14,00:05:24
685,78,Fernando Heras Arciniega,Manuel Malendez De La Fuente,"Fernando Heras Arciniega, Manuel Malendez De La Fuente",40-44,01:16:37,4597,76.62,Bilbao,2026,Doubles Men,00:05:09,00:04:50,00:05:12,00:01:57,00:05:32,00:04:08,00:05:28,00:02:35,00:05:42,00:04:55,00:05:33,00:01:27,00:05:30,00:03:05,00:05:27,00:03:49,00:06:25,00:43:30,00:05:12
686,57,Arturo Valle,Luken Landa,"Arturo Valle, Luken Landa",16-24,01:16:37,4597,76.62,Bilbao,2026,Doubles Men,00:05:33,00:04:10,00:05:25,00:01:55,00:05:32,00:03:39,00:05:53,00:02:38,00:05:54,00:05:06,00:05:22,00:01:21,00:05:14,00:03:13,00:05:27,00:04:24,00:06:02,00:44:15,00:05:14
687,79,Jorge Rincón Fernandez,Sergio Delgado Bringas,"Jorge Rincón Fernandez, Sergio Delgado Bringas",40-44,01:16:38,4598,76.63,Bilbao,2026,Doubles Men,00:05:30,00:03:55,00:05:13,00:01:52,00:05:22,00:02:42,00:05:21,00:03:39,00:05:25,00:04:31,00:05:14,00:01:23,00:05:17,00:04:30,00:05:26,00:04:31,00:06:56,00:42:44,00:05:13
688,142,João Garrido,Sérgio Ferreira,"João Garrido, Sérgio Ferreira",35-39,01:16:44,4604,76.73,Bilbao,2026,Doubles Men,00:05:06,00:04:09,00:04:50,00:02:02,00:05:13,00:04:20,00:05:13,00:02:50,00:05:26,00:04:26,00:05:13,00:01:22,00:05:10,00:03:12,00:05:31,00:04:25,00:08:23,00:41:40,00:04:50
689,143,Faruk Aglar,Loïc Lescot,"Faruk Aglar, Loïc Lescot",35-39,01:16:45,4605,76.75,Bilbao,2026,Doubles Men,00:04:40,00:03:45,00:04:31,00:01:52,00:04:54,00:05:40,00:04:47,00:03:07,00:05:43,00:04:31,00:07:13,00:01:46,00:05:20,00:04:27,00:05:16,00:03:40,00:05:42,00:42:20,00:04:31
690,144,Jon Ander Lopez,Javier Velázquez,"Jon Ander Lopez, Javier Velázquez",35-39,01:16:48,4608,76.8,Bilbao,2026,Doubles Men,00:05:33,00:04:04,00:05:15,00:01:41,00:05:41,00:02:29,00:05:50,00:02:52,00:06:11,00:04:22,00:05:50,00:01:15,00:05:30,00:03:11,00:05:20,00:04:03,00:07:49,00:45:06,00:05:15
691,161,Alvaro Monedero,Pablo De Cordoba,"Alvaro Monedero, Pablo De Cordoba",25-29,01:16:48,4608,76.8,Bilbao,2026,Doubles Men,00:05:43,00:04:07,00:05:23,00:01:59,00:05:35,00:03:25,00:05:39,00:02:57,00:05:43,00:04:21,00:05:30,00:01:45,00:05:33,00:03:45,00:05:33,00:04:13,00:05:45,00:44:35,00:05:23
692,145,Jeru Pizarro,Arkaitz Zelaia,"Jeru Pizarro, Arkaitz Zelaia",35-39,01:16:50,4610,76.83,Bilbao,2026,Doubles Men,00:05:08,00:04:14,00:04:49,00:02:48,00:05:07,00:05:45,00:04:51,00:02:50,00:04:56,00:04:42,00:04:53,00:01:27,00:04:44,00:03:19,00:05:18,00:05:00,00:07:08,00:39:42,00:04:44
693,211,Antonio De Diego,Alejandro Lavin,"Antonio De Diego, Alejandro Lavin",30-34,01:16:53,4613,76.88,Bilbao,2026,Doubles Men,00:05:25,00:04:08,00:06:59,00:01:46,00:07:15,00:03:13,00:04:57,00:02:18,00:05:28,00:04:36,00:05:09,00:01:36,00:05:05,00:03:46,00:05:37,00:03:52,00:05:50,00:45:52,00:04:57
694,162,Iker Cuevas,Ander Albizua,"Iker Cuevas, Ander Albizua",25-29,01:16:56,4616,76.93,Bilbao,2026,Doubles Men,00:05:29,00:03:46,00:05:11,00:01:25,00:05:46,00:03:19,00:05:54,00:02:05,00:06:17,00:04:42,00:05:59,00:01:14,00:06:01,00:03:18,00:05:55,00:04:07,00:06:35,00:46:29,00:05:11
695,163,Kevin Donlon,Ronan Mullally,"Kevin Donlon, Ronan Mullally",25-29,01:17:03,4623,77.05,Bilbao,2026,Doubles Men,00:04:41,00:04:04,00:04:37,00:02:07,00:04:55,00:04:46,00:05:04,00:04:19,00:05:32,00:04:56,00:05:19,00:01:30,00:05:38,00:03:36,00:05:27,00:04:44,00:05:57,00:41:08,00:04:37
696,212,Iñaki Urchaga,Santiago Piredda,"Iñaki Urchaga, Santiago Piredda",30-34,01:17:05,4625,77.08,Bilbao,2026,Doubles Men,00:05:18,00:04:16,00:05:04,00:02:04,00:05:25,00:03:31,00:05:25,00:02:32,00:05:55,00:04:36,00:05:54,00:01:43,00:05:40,00:03:43,00:05:52,00:04:10,00:06:06,00:44:29,00:05:04
697,80,Adam Martin,Scott Bain,"Adam Martin, Scott Bain",40-44,01:17:05,4625,77.08,Bilbao,2026,Doubles Men,00:05:56,00:04:25,00:05:26,00:01:54,00:05:38,00:03:25,00:05:27,00:04:26,00:05:15,00:04:28,00:05:14,00:01:42,00:05:08,00:03:26,00:05:13,00:04:08,00:06:02,00:43:13,00:05:08
698,164,Gonzalo Romero,Rafael Olmedo,"Gonzalo Romero, Rafael Olmedo",25-29,01:17:08,4628,77.13,Bilbao,2026,Doubles Men,00:05:28,00:04:34,00:05:09,00:01:47,00:05:22,00:04:19,00:05:22,00:03:59,00:05:21,00:04:35,00:05:15,00:01:22,00:04:50,00:04:23,00:04:57,00:04:49,00:05:43,00:41:41,00:04:50
699,58,Jaime Gervás Nieto,Luis Gervás Nieto,"Jaime Gervás Nieto, Luis Gervás Nieto",16-24,01:17:08,4628,77.13,Bilbao,2026,Doubles Men,00:05:04,00:04:11,00:04:47,00:01:48,00:05:19,00:04:10,00:05:29,00:03:48,00:05:45,00:04:46,00:05:16,00:01:17,00:05:16,00:03:56,00:05:31,00:05:02,00:05:51,00:42:24,00:04:47
700,81,Arnaud Chevallier,Jonathan Cazabonne,"Arnaud Chevallier, Jonathan Cazabonne",40-44,01:17:10,4630,77.17,Bilbao,2026,Doubles Men,00:04:38,00:03:59,00:05:02,00:02:17,00:05:50,00:03:05,00:05:48,00:03:00,00:06:14,00:04:33,00:05:32,00:01:24,00:05:44,00:03:14,00:05:50,00:04:59,00:06:09,00:44:34,00:05:02
701,165,Carlos Sanchis,Javier Lopez,"Carlos Sanchis, Javier Lopez",25-29,01:17:10,4630,77.17,Bilbao,2026,Doubles Men,00:06:00,00:04:19,00:05:26,00:01:39,00:05:46,00:03:15,00:05:40,00:02:46,00:05:44,00:04:20,00:05:40,00:01:57,00:05:13,00:03:39,00:05:14,00:04:12,00:06:28,00:44:39,00:05:13
702,166,César Rozalén Mora Rozalén Mora,Manel Cervera Lacomba,"César Rozalén Mora Rozalén Mora, Manel Cervera Lacomba",25-29,01:17:12,4632,77.2,Bilbao,2026,Doubles Men,00:04:33,00:04:05,00:04:45,00:02:05,00:05:06,00:04:02,00:05:05,00:03:22,00:05:24,00:04:57,00:05:14,00:02:07,00:07:01,00:03:07,00:05:29,00:05:04,00:05:53,00:42:35,00:04:45
703,15,José Manuel García López,Roberto Gonzalez Iglesias,"José Manuel García López, Roberto Gonzalez Iglesias",50-54,01:17:13,4633,77.22,Bilbao,2026,Doubles Men,00:04:55,00:04:24,00:04:52,00:02:02,00:05:06,00:03:43,00:05:36,00:02:42,00:05:48,00:04:52,00:05:32,00:01:22,00:05:34,00:03:57,00:05:37,00:04:04,00:07:15,00:42:56,00:04:52
704,146,Guillermo Lozano González,Humberto Scovino,"Guillermo Lozano González, Humberto Scovino",35-39,01:17:17,4637,77.28,Bilbao,2026,Doubles Men,00:05:58,00:04:37,00:05:15,00:02:06,00:05:25,00:04:34,00:05:09,00:03:36,00:05:05,00:04:33,00:05:07,00:01:25,00:05:20,00:04:00,00:05:24,00:04:13,00:05:38,00:42:38,00:05:05
705,59,Toby O'Neil,Woody Sexton,"Toby O'Neil, Woody Sexton",16-24,01:17:18,4638,77.3,Bilbao,2026,Doubles Men,00:05:29,00:04:16,00:04:53,00:01:54,00:04:53,00:03:36,00:04:52,00:03:19,00:05:08,00:04:50,00:04:51,00:01:28,00:06:46,00:04:10,00:05:06,00:06:53,00:05:02,00:41:55,00:04:51
706,82,Javier Hernández Gallego,Jose Antonio Peñalver Martínez,"Javier Hernández Gallego, Jose Antonio Peñalver Martínez",40-44,01:17:22,4642,77.37,Bilbao,2026,Doubles Men,00:05:45,00:04:12,00:05:24,00:01:56,00:05:43,00:03:24,00:05:31,00:03:18,00:05:19,00:04:36,00:05:26,00:01:35,00:05:07,00:03:49,00:04:58,00:04:20,00:07:05,00:43:10,00:04:58
707,16,Alejandro Blanco Campalans,Borislav Ivanov Tsvetkov,"Alejandro Blanco Campalans, Borislav Ivanov Tsvetkov",50-54,01:17:25,4645,77.42,Bilbao,2026,Doubles Men,00:05:27,00:03:55,00:05:12,00:02:03,00:05:23,00:03:26,00:05:26,00:03:47,00:05:27,00:04:38,00:05:29,00:01:32,00:05:22,00:04:40,00:05:25,00:04:25,00:05:59,00:43:06,00:05:12
708,213,Martin Maestro,Asier González,"Martin Maestro, Asier González",30-34,01:17:29,4649,77.48,Bilbao,2026,Doubles Men,00:04:39,00:04:09,00:04:54,00:02:00,00:05:23,00:03:22,00:05:27,00:02:32,00:05:36,00:04:30,00:05:38,00:01:29,00:05:45,00:03:49,00:06:06,00:04:33,00:07:46,00:43:24,00:04:54
709,214,José Alberto Bastida,Samuel Baños,"José Alberto Bastida, Samuel Baños",30-34,01:17:34,4654,77.57,Bilbao,2026,Doubles Men,00:05:06,00:04:10,00:04:50,00:02:01,00:05:31,00:03:48,00:05:19,00:03:41,00:05:21,00:04:38,00:05:02,00:01:49,00:04:58,00:03:25,00:05:58,00:04:50,00:07:15,00:42:02,00:04:50
710,83,Danosh Nasrollahi,Maxime Pannecock,"Danosh Nasrollahi, Maxime Pannecock",40-44,01:17:41,4661,77.68,Bilbao,2026,Doubles Men,00:05:16,00:04:25,00:05:03,00:02:04,00:05:31,00:03:34,00:05:36,00:03:24,00:05:45,00:04:46,00:05:24,00:01:27,00:05:26,00:03:41,00:05:13,00:04:30,00:06:44,00:43:11,00:05:03
711,147,Álvaro Lopez-Barahona,Javier Pardo,"Álvaro Lopez-Barahona, Javier Pardo",35-39,01:17:47,4667,77.78,Bilbao,2026,Doubles Men,00:05:37,00:04:14,00:05:17,00:01:44,00:05:40,00:03:55,00:05:35,00:03:39,00:05:40,00:04:58,00:05:11,00:01:28,00:05:02,00:03:52,00:05:31,00:04:36,00:05:56,00:43:30,00:05:02
712,148,Eduardo Varas,David Barajas,"Eduardo Varas, David Barajas",35-39,01:17:48,4668,77.8,Bilbao,2026,Doubles Men,00:05:45,00:04:33,00:05:07,00:02:11,00:05:21,00:03:45,00:05:28,00:03:11,00:05:37,00:04:29,00:05:23,00:01:54,00:04:58,00:03:44,00:05:20,00:04:36,00:06:36,00:42:54,00:04:58
713,215,Diogo Morgado,João Maria,"Diogo Morgado, João Maria",30-34,01:17:53,4673,77.88,Bilbao,2026,Doubles Men,00:05:06,00:04:10,00:04:48,00:02:07,00:05:10,00:04:20,00:05:15,00:03:47,00:05:25,00:04:38,00:05:30,00:01:51,00:05:16,00:03:46,00:05:45,00:05:14,00:05:53,00:42:11,00:04:48
714,167,Lucas Baconnier,Numa Solari,"Lucas Baconnier, Numa Solari",25-29,01:18:03,4683,78.05,Bilbao,2026,Doubles Men,00:05:38,00:04:02,00:05:07,00:01:53,00:05:41,00:03:26,00:05:50,00:02:50,00:06:08,00:04:37,00:05:46,00:01:39,00:05:27,00:03:49,00:05:33,00:04:41,00:06:03,00:45:08,00:05:07
715,149,Matthew Oliver Odown,Andrés Colón Alcañiz,"Matthew Oliver Odown, Andrés Colón Alcañiz",35-39,01:18:05,4685,78.08,Bilbao,2026,Doubles Men,00:08:02,00:04:27,00:05:01,00:02:16,00:05:15,00:03:47,00:05:17,00:03:33,00:05:17,00:04:38,00:05:00,00:02:01,00:04:59,00:03:48,00:05:05,00:04:14,00:05:33,00:43:53,00:04:59
716,216,Jonathan Dupau,Luther Anderson,"Jonathan Dupau, Luther Anderson",30-34,01:18:08,4688,78.13,Bilbao,2026,Doubles Men,00:05:32,00:04:08,00:05:15,00:02:28,00:05:35,00:04:05,00:05:41,00:03:36,00:05:38,00:04:31,00:05:41,00:01:32,00:05:42,00:03:09,00:05:52,00:04:03,00:05:49,00:44:52,00:05:15
717,168,Ludovic Caillaud,Theo Modeste,"Ludovic Caillaud, Theo Modeste",25-29,01:18:08,4688,78.13,Bilbao,2026,Doubles Men,00:05:28,00:04:10,00:05:03,00:02:08,00:05:48,00:03:12,00:05:40,00:03:11,00:05:43,00:04:34,00:05:34,00:01:36,00:05:55,00:03:44,00:06:01,00:05:01,00:05:29,00:45:09,00:05:03
718,217,Félix Villar Santamaría,Eduardo Gómez Azofra,"Félix Villar Santamaría, Eduardo Gómez Azofra",30-34,01:18:11,4691,78.18,Bilbao,2026,Doubles Men,00:05:03,00:04:08,00:04:38,00:01:51,00:10:05,00:04:15,00:05:15,00:02:40,00:05:16,00:04:31,00:05:03,00:01:39,00:05:11,00:04:07,00:05:25,00:03:59,00:05:14,00:45:52,00:04:38
719,60,Vito Ferrandis,Victor Casen,"Vito Ferrandis, Victor Casen",16-24,01:18:12,4692,78.2,Bilbao,2026,Doubles Men,00:04:52,00:03:54,00:04:56,00:02:16,00:05:10,00:03:30,00:05:12,00:03:31,00:05:45,00:04:37,00:04:53,00:01:31,00:04:45,00:03:23,00:05:12,00:05:43,00:09:09,00:40:42,00:04:45
720,84,Jaime Poch,Alvaro Español,"Jaime Poch, Alvaro Español",40-44,01:18:14,4694,78.23,Bilbao,2026,Doubles Men,00:05:02,00:04:01,00:04:59,00:01:56,00:05:30,00:04:46,00:05:23,00:03:21,00:05:27,00:04:45,00:05:26,00:01:49,00:05:30,00:03:32,00:05:20,00:03:54,00:07:42,00:42:33,00:04:59
721,17,David Mora,Miguel Ángel Varas,"David Mora, Miguel Ángel Varas",50-54,01:18:31,4711,78.52,Bilbao,2026,Doubles Men,00:05:30,00:04:10,00:05:13,00:02:06,00:05:28,00:04:16,00:05:35,00:03:16,00:05:41,00:04:29,00:05:29,00:01:34,00:05:30,00:03:24,00:05:53,00:04:35,00:06:28,00:44:16,00:05:13
722,218,Xabier Vázquez,Aitor Barrios,"Xabier Vázquez, Aitor Barrios",30-34,01:18:31,4711,78.52,Bilbao,2026,Doubles Men,00:05:27,00:03:48,00:04:55,00:01:53,00:05:33,00:03:15,00:05:20,00:03:46,00:05:38,00:04:28,00:05:38,00:01:42,00:05:35,00:04:25,00:06:05,00:04:28,00:06:44,00:44:06,00:04:55
723,150,Guillermo Zabaleta,Arturo García-Loygorri,"Guillermo Zabaleta, Arturo García-Loygorri",35-39,01:18:38,4718,78.63,Bilbao,2026,Doubles Men,00:04:58,00:04:33,00:05:13,00:02:17,00:05:31,00:04:04,00:05:28,00:03:16,00:05:36,00:04:58,00:05:27,00:01:38,00:05:29,00:03:55,00:05:15,00:04:32,00:06:36,00:42:53,00:05:13
724,169,Quentin Martimort,Louis Synave,"Quentin Martimort, Louis Synave",25-29,01:18:46,4726,78.77,Bilbao,2026,Doubles Men,00:05:16,00:04:11,00:04:41,00:07:07,00:04:42,00:07:39,00:04:33,00:03:03,00:04:43,00:04:18,00:04:33,00:01:25,00:04:45,00:03:56,00:04:48,00:04:07,00:05:07,00:37:58,00:04:33
725,219,Maximo Tromp,Sergio Dos Ramos,"Maximo Tromp, Sergio Dos Ramos",30-34,01:18:51,4731,78.85,Bilbao,2026,Doubles Men,00:05:43,00:04:07,00:05:20,00:02:01,00:05:33,00:03:26,00:05:17,00:03:22,00:05:23,00:04:36,00:05:27,00:01:51,00:05:27,00:04:04,00:06:01,00:04:15,00:07:07,00:44:07,00:05:17
726,220,Paul Unamuno,Xabier Mendizabal,"Paul Unamuno, Xabier Mendizabal",30-34,01:18:54,4734,78.9,Bilbao,2026,Doubles Men,00:05:14,00:04:06,00:05:00,00:02:07,00:05:57,00:03:44,00:05:37,00:03:17,00:05:42,00:04:40,00:05:33,00:01:39,00:05:45,00:04:48,00:05:22,00:04:06,00:06:26,00:44:05,00:05:00
727,151,Óscar Durán,Eneko Larrinaga,"Óscar Durán, Eneko Larrinaga",35-39,01:19:01,4741,79.02,Bilbao,2026,Doubles Men,00:05:18,00:04:24,00:05:04,00:02:05,00:05:26,00:04:24,00:05:29,00:03:45,00:05:22,00:04:27,00:05:18,00:01:53,00:05:21,00:03:56,00:05:42,00:04:30,00:06:45,00:42:57,00:05:04
728,152,Juan Jose Fernandez Sanchez,Philipp Pliga,"Juan Jose Fernandez Sanchez, Philipp Pliga",35-39,01:19:02,4742,79.03,Bilbao,2026,Doubles Men,00:04:54,00:04:11,00:04:59,00:02:11,00:05:14,00:03:43,00:05:24,00:04:30,00:05:38,00:04:38,00:05:35,00:01:39,00:05:08,00:04:43,00:05:15,00:06:13,00:05:17,00:42:03,00:04:59
729,170,Keelan Sexton,Paul Nugent,"Keelan Sexton, Paul Nugent",25-29,01:19:03,4743,79.05,Bilbao,2026,Doubles Men,00:05:10,00:04:02,00:04:53,00:01:40,00:05:57,00:03:51,00:05:55,00:02:19,00:05:39,00:04:07,00:05:55,00:01:42,00:05:46,00:03:28,00:05:42,00:06:20,00:06:45,00:44:53,00:04:53
730,61,Javier Borrego,Alejandro Bermejo,"Javier Borrego, Alejandro Bermejo",16-24,01:19:11,4751,79.18,Bilbao,2026,Doubles Men,00:05:20,00:04:17,00:04:54,00:07:22,00:04:58,00:02:47,00:05:09,00:02:42,00:05:26,00:04:37,00:07:02,00:01:47,00:05:09,00:02:53,00:05:26,00:03:34,00:05:54,00:43:21,00:04:54
731,171,Luís Garcia,José Garcia,"Luís Garcia, José Garcia",25-29,01:19:12,4752,79.2,Bilbao,2026,Doubles Men,00:05:32,00:04:33,00:05:14,00:02:12,00:05:33,00:04:24,00:05:29,00:04:09,00:05:27,00:04:26,00:05:09,00:01:35,00:05:16,00:03:45,00:05:15,00:05:31,00:05:51,00:42:52,00:05:09
732,221,Gorka Prieto,Iker Poyatos,"Gorka Prieto, Iker Poyatos",30-34,01:19:22,4762,79.37,Bilbao,2026,Doubles Men,00:05:24,00:04:16,00:05:16,00:02:24,00:05:32,00:04:43,00:05:39,00:02:22,00:05:56,00:04:48,00:05:43,00:01:31,00:05:51,00:03:43,00:05:42,00:04:07,00:06:33,00:45:00,00:05:16
733,85,Josu Azpiri,Roberto Diego Mignola Pascual De Lallana,"Josu Azpiri, Roberto Diego Mignola Pascual De Lallana",40-44,01:19:25,4765,79.42,Bilbao,2026,Doubles Men,00:05:07,00:03:54,00:04:47,00:01:21,00:05:08,00:02:54,00:05:06,00:03:00,00:05:11,00:04:11,00:06:58,00:01:15,00:11:39,00:03:20,00:06:59,00:03:44,00:05:02,00:50:50,00:04:47
734,153,Martin Alejandro Medina Molina,Francisco Molina Gamez,"Martin Alejandro Medina Molina, Francisco Molina Gamez",35-39,01:19:27,4767,79.45,Bilbao,2026,Doubles Men,00:05:18,00:04:29,00:05:05,00:01:53,00:05:28,00:03:54,00:05:47,00:03:25,00:05:48,00:05:00,00:05:28,00:01:30,00:05:48,00:03:33,00:06:13,00:05:03,00:05:54,00:44:51,00:05:05
735,62,Ander Garcia,Ivan Olivares,"Ander Garcia, Ivan Olivares",16-24,01:19:27,4767,79.45,Bilbao,2026,Doubles Men,00:05:12,00:04:18,00:05:03,00:02:15,00:05:16,00:04:05,00:05:22,00:03:30,00:05:34,00:04:51,00:05:18,00:01:45,00:05:05,00:03:32,00:05:23,00:05:20,00:07:44,00:42:10,00:05:03
736,222,Francisco José Pretel,Cristian Ponce Lopez,"Francisco José Pretel, Cristian Ponce Lopez",30-34,01:19:31,4771,79.52,Bilbao,2026,Doubles Men,00:04:54,00:04:08,00:04:34,00:02:09,00:05:29,00:03:31,00:05:17,00:03:32,00:05:26,00:05:02,00:05:09,00:01:29,00:05:26,00:03:01,00:05:56,00:06:00,00:08:37,00:42:07,00:04:34
737,154,Jesus García,Luis Piñar Gutiérrez,"Jesus García, Luis Piñar Gutiérrez",35-39,01:19:38,4778,79.63,Bilbao,2026,Doubles Men,00:05:21,00:04:18,00:05:16,00:02:12,00:06:03,00:03:43,00:05:38,00:02:32,00:05:43,00:04:27,00:05:59,00:01:51,00:06:01,00:04:29,00:06:32,00:04:12,00:05:29,00:46:30,00:05:16
738,172,Ben Childs,William Childs,"Ben Childs, William Childs",25-29,01:19:47,4787,79.78,Bilbao,2026,Doubles Men,00:04:57,00:04:28,00:04:59,00:02:20,00:05:09,00:04:01,00:05:18,00:03:22,00:05:32,00:05:01,00:05:21,00:01:52,00:05:23,00:04:06,00:05:37,00:04:34,00:07:55,00:42:13,00:04:59
739,155,Dani De La Cruz Ashton,Andrés Garcia Vallejo,"Dani De La Cruz Ashton, Andrés Garcia Vallejo",35-39,01:19:51,4791,79.85,Bilbao,2026,Doubles Men,00:07:39,00:04:18,00:05:10,00:02:09,00:05:39,00:03:46,00:05:29,00:03:12,00:05:33,00:04:29,00:05:17,00:01:35,00:05:22,00:04:50,00:05:17,00:04:16,00:05:59,00:45:22,00:05:10
740,173,Jon Ander Munguia Ferrero,Asier Munguia Ferrero,"Jon Ander Munguia Ferrero, Asier Munguia Ferrero",25-29,01:19:55,4795,79.92,Bilbao,2026,Doubles Men,00:05:23,00:04:05,00:05:14,00:01:52,00:05:55,00:03:30,00:06:04,00:03:05,00:05:44,00:04:26,00:05:29,00:01:31,00:05:29,00:03:32,00:06:02,00:06:03,00:06:39,00:45:16,00:05:14
741,174,Ryan Pinnell,Josh Archer,"Ryan Pinnell, Josh Archer",25-29,01:19:56,4796,79.93,Bilbao,2026,Doubles Men,00:05:46,00:03:40,00:05:35,00:02:04,00:05:57,00:03:14,00:06:00,00:03:16,00:06:10,00:04:02,00:06:07,00:01:44,00:06:11,00:03:42,00:06:08,00:04:40,00:05:48,00:47:51,00:05:35
742,63,Axel Benitez,Noa Benitez,"Axel Benitez, Noa Benitez",16-24,01:19:58,4798,79.97,Bilbao,2026,Doubles Men,00:06:08,00:04:03,00:05:34,00:01:32,00:05:59,00:02:43,00:06:11,00:02:37,00:06:16,00:04:24,00:06:01,00:01:21,00:06:14,00:03:07,00:06:01,00:05:13,00:06:44,00:48:19,00:05:34
743,156,Xabier Hernandez,Alexander Hernaez,"Xabier Hernandez, Alexander Hernaez",35-39,01:20:08,4808,80.13,Bilbao,2026,Doubles Men,00:05:47,00:04:19,00:05:15,00:02:08,00:05:20,00:04:00,00:05:29,00:03:08,00:05:38,00:04:48,00:05:37,00:01:39,00:06:07,00:04:18,00:05:43,00:04:15,00:06:45,00:44:52,00:05:15
744,24,Andre Comprido,João Graça,"Andre Comprido, João Graça",45-49,01:20:08,4808,80.13,Bilbao,2026,Doubles Men,00:06:07,00:04:24,00:05:41,00:02:17,00:05:53,00:03:24,00:06:01,00:02:41,00:05:53,00:04:16,00:05:54,00:01:37,00:06:19,00:03:11,00:06:18,00:03:46,00:06:34,00:48:02,00:05:41
745,223,Francisco Medina,Jesus Pérez,"Francisco Medina, Jesus Pérez",30-34,01:20:09,4809,80.15,Bilbao,2026,Doubles Men,00:05:38,00:04:14,00:05:24,00:01:55,00:05:39,00:03:24,00:05:49,00:03:44,00:06:32,00:04:53,00:05:49,00:01:43,00:05:52,00:03:36,00:05:59,00:04:14,00:05:52,00:46:39,00:05:24
746,25,Federico Maliseno,Roberto De Cristofaro,"Federico Maliseno, Roberto De Cristofaro",45-49,01:20:13,4813,80.22,Bilbao,2026,Doubles Men,00:05:05,00:04:01,00:05:08,00:01:54,00:05:34,00:02:47,00:05:39,00:03:31,00:05:52,00:04:50,00:05:41,00:01:38,00:05:41,00:04:05,00:08:34,00:04:16,00:06:06,00:47:10,00:05:08
747,224,Alberto Ginés,Mikel Garcia,"Alberto Ginés, Mikel Garcia",30-34,01:20:15,4815,80.25,Bilbao,2026,Doubles Men,00:05:16,00:04:08,00:05:02,00:02:22,00:05:30,00:04:57,00:05:31,00:03:08,00:05:30,00:04:41,00:05:12,00:01:44,00:05:13,00:04:10,00:05:17,00:05:14,00:07:27,00:42:27,00:05:02
748,225,Antoine Preux,Gaspard Terray,"Antoine Preux, Gaspard Terray",30-34,01:20:20,4820,80.33,Bilbao,2026,Doubles Men,00:05:38,00:04:23,00:05:07,00:01:52,00:05:28,00:04:22,00:05:24,00:04:39,00:05:31,00:04:24,00:05:34,00:02:05,00:05:22,00:04:18,00:06:59,00:04:00,00:05:23,00:44:59,00:05:07
749,175,Clark Christofis,Nathaniel Kamlani-Lawrencin,"Clark Christofis, Nathaniel Kamlani-Lawrencin",25-29,01:20:21,4821,80.35,Bilbao,2026,Doubles Men,00:05:43,00:04:27,00:05:16,00:02:17,00:05:55,00:03:54,00:05:41,00:03:43,00:06:08,00:04:34,00:05:37,00:01:28,00:05:49,00:03:21,00:05:32,00:04:28,00:06:33,00:45:39,00:05:16
750,176,Johann Scholz,Lukas Kirch,"Johann Scholz, Lukas Kirch",25-29,01:20:24,4824,80.4,Bilbao,2026,Doubles Men,00:10:38,00:04:21,00:05:20,00:01:48,00:05:16,00:03:26,00:05:07,00:03:30,00:05:14,00:04:38,–,00:01:38,–,00:04:05,00:05:17,00:04:22,00:18:43,–,00:05:07
751,86,Sergio Gómez,Marcos Tamayo,"Sergio Gómez, Marcos Tamayo",40-44,01:20:31,4831,80.52,Bilbao,2026,Doubles Men,00:05:30,00:04:37,00:05:02,00:02:19,00:05:19,00:03:56,00:05:22,00:03:13,00:05:20,00:04:51,00:05:15,00:01:52,00:05:20,00:04:37,00:05:48,00:05:15,00:07:03,00:42:52,00:05:02
752,26,Gleiber Mendes,Ricardo Machado,"Gleiber Mendes, Ricardo Machado",45-49,01:20:32,4832,80.53,Bilbao,2026,Doubles Men,00:05:20,00:03:58,00:04:52,00:02:17,00:05:20,00:04:21,00:05:16,00:04:12,00:05:27,00:04:51,00:05:32,00:01:47,00:05:37,00:04:20,00:05:45,00:05:48,00:05:56,00:43:07,00:04:52
753,226,Ander Gutiérrez,Luis Guzmán,"Ander Gutiérrez, Luis Guzmán",30-34,01:20:33,4833,80.55,Bilbao,2026,Doubles Men,00:05:06,00:04:04,00:05:03,00:01:55,00:09:45,00:03:57,00:05:34,00:02:58,00:06:11,00:04:23,00:05:39,00:01:42,00:05:56,00:03:19,00:05:17,00:04:08,00:05:43,00:48:27,00:05:03
754,64,Jan Brezina,Karl Pikner,"Jan Brezina, Karl Pikner",16-24,01:20:39,4839,80.65,Bilbao,2026,Doubles Men,00:05:35,00:04:05,00:05:13,00:01:53,00:06:02,00:03:37,00:05:52,00:04:12,00:06:13,00:04:42,00:05:32,00:01:38,00:05:33,00:04:42,00:04:57,00:04:40,00:06:22,00:44:52,00:04:57
755,227,Alvaro Iglesias,Antonio Rivas,"Alvaro Iglesias, Antonio Rivas",30-34,01:20:40,4840,80.67,Bilbao,2026,Doubles Men,00:06:05,00:04:25,00:05:18,00:02:11,00:05:35,00:04:05,00:05:34,00:03:49,00:05:31,00:05:03,00:05:27,00:01:40,00:05:35,00:04:27,00:05:42,00:04:08,00:06:14,00:44:44,00:05:18
756,27,Casey Small,Romeo Beckford,"Casey Small, Romeo Beckford",45-49,01:20:40,4840,80.67,Bilbao,2026,Doubles Men,00:05:16,00:04:10,00:05:09,00:01:59,00:05:13,00:03:34,00:05:25,00:04:17,00:05:38,00:04:28,00:05:33,00:01:57,00:05:27,00:04:13,00:06:07,00:05:39,00:06:44,00:43:44,00:05:09
757,87,Sébastien Llense,Yohan Messemane,"Sébastien Llense, Yohan Messemane",40-44,01:20:41,4841,80.68,Bilbao,2026,Doubles Men,00:06:04,00:04:17,00:06:07,00:02:09,00:05:36,00:04:08,00:05:44,00:03:14,00:05:51,00:04:40,00:05:52,00:01:36,00:05:41,00:03:18,00:05:57,00:04:09,00:06:27,00:46:48,00:05:36
758,28,Jose Angel Gimeno Aranda,Jorge Aranda,"Jose Angel Gimeno Aranda, Jorge Aranda",45-49,01:20:43,4843,80.72,Bilbao,2026,Doubles Men,00:05:43,00:04:17,00:05:28,00:02:35,00:05:24,00:03:59,00:05:24,00:03:24,00:05:36,00:04:53,00:05:14,00:01:34,00:05:11,00:03:57,00:05:40,00:04:56,00:07:35,00:43:37,00:05:11
759,65,Jorge Lantero,Carlos Hernández-Montiel,"Jorge Lantero, Carlos Hernández-Montiel",16-24,01:20:46,4846,80.77,Bilbao,2026,Doubles Men,00:05:48,00:04:19,00:05:25,00:02:07,00:05:35,00:03:48,00:05:29,00:02:45,00:06:00,00:04:43,00:05:50,00:01:38,00:05:44,00:03:54,00:05:41,00:05:32,00:06:35,00:45:29,00:05:25
760,228,Ander Bastida,Ivan Ramiro,"Ander Bastida, Ivan Ramiro",30-34,01:20:48,4848,80.8,Bilbao,2026,Doubles Men,00:06:01,00:04:11,00:05:33,00:02:13,00:05:42,00:03:46,00:05:50,00:03:19,00:05:54,00:04:23,00:05:43,00:01:40,00:05:44,00:03:56,00:06:18,00:04:31,00:06:11,00:46:41,00:05:33
761,66,Unax Lara,Nico De Oza,"Unax Lara, Nico De Oza",16-24,01:20:54,4854,80.9,Bilbao,2026,Doubles Men,00:06:24,00:04:11,00:05:58,00:02:21,00:06:01,00:03:36,00:05:34,00:02:49,00:05:52,00:04:29,00:05:43,00:01:29,00:05:31,00:03:57,00:05:30,00:05:51,00:05:46,00:46:30,00:05:30
762,88,Javi Bilbao,Alberto Ateca,"Javi Bilbao, Alberto Ateca",40-44,01:20:55,4855,80.92,Bilbao,2026,Doubles Men,00:05:51,00:04:25,00:05:15,00:02:12,00:05:23,00:04:01,00:05:42,00:03:42,00:05:41,00:04:38,00:05:44,00:01:58,00:05:42,00:04:18,00:05:55,00:04:10,00:06:24,00:45:11,00:05:15
763,67,Ethan May,Ben Savage,"Ethan May, Ben Savage",16-24,01:20:55,4855,80.92,Bilbao,2026,Doubles Men,00:04:56,00:03:53,00:05:13,00:02:13,00:07:12,00:04:38,00:06:28,00:03:02,00:05:57,00:04:38,00:05:38,00:01:24,00:05:15,00:03:03,00:05:01,00:05:52,00:06:40,00:45:37,00:05:01
764,89,Alexandre Saillen,Jesus Daniel Juarez Zaragoza,"Alexandre Saillen, Jesus Daniel Juarez Zaragoza",40-44,01:20:58,4858,80.97,Bilbao,2026,Doubles Men,00:05:55,00:04:04,00:05:36,00:01:50,00:05:44,00:03:38,00:05:43,00:04:03,00:05:43,00:04:16,00:05:46,00:01:27,00:05:59,00:04:18,00:06:04,00:03:42,00:07:18,00:46:26,00:05:36
765,177,Ander Sanz Alonso,Mikel Sanz Alonso,"Ander Sanz Alonso, Mikel Sanz Alonso",25-29,01:21:02,4862,81.03,Bilbao,2026,Doubles Men,00:05:02,00:04:23,00:04:43,00:02:26,00:05:14,00:04:51,00:05:13,00:03:18,00:05:36,00:04:56,00:05:08,00:01:38,00:05:15,00:04:38,00:05:50,00:04:19,00:08:41,00:41:58,00:04:43
766,178,Nathan Rousserie,Romain Pinton,"Nathan Rousserie, Romain Pinton",25-29,01:21:03,4863,81.05,Bilbao,2026,Doubles Men,00:06:02,00:04:13,00:05:34,00:02:15,00:05:34,00:03:23,00:05:45,00:03:06,00:06:01,00:04:43,00:05:45,00:01:39,00:05:47,00:03:45,00:06:30,00:05:08,00:06:02,00:46:54,00:05:34
767,90,Francesco Mattia,Ritesh Singhania,"Francesco Mattia, Ritesh Singhania",40-44,01:21:08,4868,81.13,Bilbao,2026,Doubles Men,00:05:29,00:04:30,00:04:51,00:02:00,00:05:13,00:05:03,00:05:23,00:04:04,00:05:17,00:04:35,00:05:07,00:01:55,00:05:16,00:04:22,00:05:53,00:06:35,00:05:41,00:42:26,00:04:51
768,179,Nirina Hezon,Flavien Demagny,"Nirina Hezon, Flavien Demagny",25-29,01:21:10,4870,81.17,Bilbao,2026,Doubles Men,00:06:39,00:04:31,00:05:14,00:01:45,00:05:32,00:03:30,00:05:29,00:04:12,00:05:38,00:05:07,00:05:34,00:01:37,00:05:37,00:04:14,00:05:39,00:04:46,00:06:13,00:45:19,00:05:14
769,229,Ángel Ejarque,Jordi Ramos,"Ángel Ejarque, Jordi Ramos",30-34,01:21:11,4871,81.18,Bilbao,2026,Doubles Men,00:05:43,00:04:10,00:05:13,00:02:08,00:05:22,00:04:01,00:05:49,00:02:31,00:05:56,00:04:39,00:05:34,00:01:42,00:06:11,00:04:08,00:07:15,00:04:21,00:06:35,00:47:00,00:05:13
770,91,Alain Dortant,Diego Van Den Abbeel,"Alain Dortant, Diego Van Den Abbeel",40-44,01:21:16,4876,81.27,Bilbao,2026,Doubles Men,00:05:39,00:04:22,00:05:08,00:02:29,00:05:25,00:04:05,00:05:17,00:03:47,00:05:44,00:04:51,00:05:43,00:01:57,00:05:34,00:04:09,00:06:04,00:04:34,00:06:36,00:44:32,00:05:08
771,2,Mark Thompson,Christopher Maughan,"Mark Thompson, Christopher Maughan",55-59,01:21:17,4877,81.28,Bilbao,2026,Doubles Men,00:05:51,00:04:03,00:05:09,00:02:04,00:05:32,00:03:37,00:05:26,00:03:27,00:05:40,00:04:48,00:05:40,00:01:26,00:05:52,00:04:27,00:05:53,00:05:27,00:07:01,00:45:00,00:05:09
772,29,Hendrik Stengert,Thorsten Siebel,"Hendrik Stengert, Thorsten Siebel",45-49,01:21:24,4884,81.4,Bilbao,2026,Doubles Men,00:05:52,00:04:00,00:05:28,00:01:59,00:05:47,00:03:20,00:05:50,00:03:26,00:06:02,00:04:40,00:06:35,00:01:39,00:05:47,00:03:51,00:06:16,00:04:03,00:06:55,00:47:35,00:05:28
773,157,Mike Flanagan,David Connell,"Mike Flanagan, David Connell",35-39,01:21:24,4884,81.4,Bilbao,2026,Doubles Men,00:05:34,00:04:19,00:05:21,00:02:03,00:05:31,00:03:31,00:05:41,00:04:27,00:05:43,00:04:38,00:05:19,00:02:03,00:05:32,00:04:22,00:06:29,00:04:15,00:06:44,00:45:06,00:05:19
774,92,Dermot Kielty,Conor Maguire,"Dermot Kielty, Conor Maguire",40-44,01:21:26,4886,81.43,Bilbao,2026,Doubles Men,00:06:08,00:04:19,00:05:36,00:01:45,00:05:52,00:03:43,00:05:58,00:03:31,00:06:07,00:04:47,00:05:59,00:01:36,00:06:07,00:04:00,00:05:54,00:04:29,00:05:44,00:47:37,00:05:36
775,68,George Tricker,Ellis Oxlade,"George Tricker, Ellis Oxlade",16-24,01:21:29,4889,81.48,Bilbao,2026,Doubles Men,00:05:09,00:04:19,00:05:03,00:02:42,00:05:29,00:04:11,00:05:43,00:03:08,00:06:00,00:04:57,00:05:38,00:02:15,00:05:44,00:04:05,00:05:34,00:05:06,00:06:33,00:44:17,00:05:03
776,180,Jose Marin Hospital,Adrian Martin Nieto,"Jose Marin Hospital, Adrian Martin Nieto",25-29,01:21:29,4889,81.48,Bilbao,2026,Doubles Men,00:05:35,00:04:36,00:05:16,00:02:43,00:05:27,00:05:32,00:05:18,00:03:41,00:05:53,00:04:47,00:05:30,00:01:38,00:05:36,00:04:22,00:05:20,00:04:30,00:05:50,00:43:53,00:05:16
777,30,Rafa De Obesso,Javi Coterillo,"Rafa De Obesso, Javi Coterillo",45-49,01:21:36,4896,81.6,Bilbao,2026,Doubles Men,00:05:19,00:04:08,00:04:58,00:02:00,00:05:06,00:03:50,00:05:27,00:04:32,00:05:22,00:05:20,00:05:11,00:01:25,00:05:13,00:05:40,00:05:16,00:05:18,00:07:37,00:41:49,00:04:58
778,158,Gabriel Alejo,Pablo Madrid,"Gabriel Alejo, Pablo Madrid",35-39,01:21:49,4909,81.82,Bilbao,2026,Doubles Men,00:05:20,00:04:17,00:05:03,00:01:59,00:05:26,00:04:09,00:05:23,00:03:38,00:05:33,00:04:53,00:05:48,00:01:53,00:06:04,00:04:09,00:06:43,00:04:27,00:07:13,00:45:17,00:05:03
779,230,Marc Cardona,Albert Boix,"Marc Cardona, Albert Boix",30-34,01:21:52,4912,81.87,Bilbao,2026,Doubles Men,00:06:00,00:04:17,00:05:36,00:02:07,00:05:38,00:04:12,00:05:59,00:03:08,00:05:51,00:04:26,00:05:57,00:01:22,00:05:52,00:03:58,00:05:55,00:04:34,00:07:09,00:46:44,00:05:36
780,231,Javier Gros Abad,Ibon Aranguren Oliveri,"Javier Gros Abad, Ibon Aranguren Oliveri",30-34,01:21:53,4913,81.88,Bilbao,2026,Doubles Men,00:05:37,00:04:14,00:05:16,00:02:09,00:05:26,00:03:11,00:05:32,00:02:29,00:05:46,00:04:25,00:07:26,00:01:44,00:07:25,00:04:09,00:07:22,00:05:15,00:04:36,00:49:46,00:05:16
781,181,Iñigo Diez,Pedro Huergo,"Iñigo Diez, Pedro Huergo",25-29,01:21:54,4914,81.9,Bilbao,2026,Doubles Men,00:05:47,00:04:19,00:05:37,00:01:53,00:06:14,00:04:39,00:06:18,00:03:48,00:06:19,00:04:21,00:06:06,00:01:14,00:06:01,00:03:26,00:05:44,00:03:53,00:06:22,00:48:03,00:05:37
782,31,Aitor Vazquez Fandiño,Jon Julián Toca,"Aitor Vazquez Fandiño, Jon Julián Toca",45-49,01:22:06,4926,82.1,Bilbao,2026,Doubles Men,00:05:23,00:03:41,00:05:16,00:01:32,00:06:04,00:02:59,00:06:50,00:03:04,00:07:11,00:04:08,00:06:26,00:01:17,00:05:56,00:04:04,00:05:44,00:04:21,00:08:18,00:48:47,00:05:16
783,93,Frederic Pagnin,Julien Pagnin,"Frederic Pagnin, Julien Pagnin",40-44,01:22:24,4944,82.4,Bilbao,2026,Doubles Men,00:05:57,00:04:18,00:05:35,00:02:19,00:05:47,00:03:52,00:05:43,00:03:09,00:05:48,00:04:47,00:06:03,00:01:45,00:05:56,00:04:13,00:06:10,00:04:45,00:06:27,00:46:55,00:05:35
784,232,Adrián Rodríguez,Sergio Rodríguez,"Adrián Rodríguez, Sergio Rodríguez",30-34,01:22:31,4951,82.52,Bilbao,2026,Doubles Men,00:05:59,00:04:15,00:05:27,00:01:52,00:05:32,00:03:39,00:05:42,00:04:09,00:05:49,00:04:31,00:05:41,00:01:26,00:05:36,00:04:43,00:05:46,00:05:24,00:07:08,00:45:29,00:05:27
785,233,Bryan Ferri Vicente,Alexander Valero Vicente,"Bryan Ferri Vicente, Alexander Valero Vicente",30-34,01:22:35,4955,82.58,Bilbao,2026,Doubles Men,00:07:34,00:04:18,00:07:32,00:01:55,00:05:35,00:03:02,00:05:38,00:03:03,00:05:28,00:04:46,00:05:32,00:01:59,00:05:52,00:04:08,00:05:30,00:03:55,00:06:56,00:48:38,00:05:28
786,69,Ander Arizkorreta,Megaka Arana,"Ander Arizkorreta, Megaka Arana",16-24,01:22:35,4955,82.58,Bilbao,2026,Doubles Men,00:05:11,00:04:16,00:05:06,00:01:55,00:05:19,00:04:53,00:05:13,00:03:42,00:05:29,00:04:37,00:05:23,00:01:36,00:05:21,00:05:11,00:05:40,00:05:42,00:08:11,00:42:37,00:05:06
787,32,Javier Fominaya,Javier Los Arcos,"Javier Fominaya, Javier Los Arcos",45-49,01:22:36,4956,82.6,Bilbao,2026,Doubles Men,00:06:11,00:04:12,00:05:26,00:01:52,00:05:44,00:03:04,00:06:02,00:03:58,00:06:12,00:04:37,00:05:54,00:01:42,00:06:03,00:04:26,00:06:12,00:04:49,00:06:21,00:47:40,00:05:26
788,94,Sébastien Lassalle,Jérôme Buzos,"Sébastien Lassalle, Jérôme Buzos",40-44,01:22:43,4963,82.72,Bilbao,2026,Doubles Men,00:05:21,00:04:16,00:04:57,00:02:03,00:05:30,00:03:51,00:05:45,00:03:16,00:07:33,00:04:29,00:05:21,00:01:39,00:05:34,00:04:25,00:06:36,00:04:40,00:07:35,00:46:34,00:04:57
789,234,Adrián López Bermúdez,Alberte Mato Lopez,"Adrián López Bermúdez, Alberte Mato Lopez",30-34,01:22:49,4969,82.82,Bilbao,2026,Doubles Men,00:05:57,00:04:40,00:05:11,00:01:52,00:05:34,00:03:17,00:05:41,00:03:28,00:05:57,00:04:46,00:05:27,00:02:02,00:05:15,00:04:24,00:06:00,00:05:47,00:07:38,00:44:59,00:05:11
790,3,Manuel Matoso,Francisco Trujillo,"Manuel Matoso, Francisco Trujillo",60-64,01:22:50,4970,82.83,Bilbao,2026,Doubles Men,00:05:31,00:04:20,00:05:11,00:02:19,00:05:35,00:03:59,00:05:37,00:04:01,00:06:04,00:04:51,00:05:52,00:01:48,00:06:00,00:04:29,00:06:14,00:04:36,00:06:32,00:46:00,00:05:11
791,182,Miguel Ortega,Lisandro Rocha Tau,"Miguel Ortega, Lisandro Rocha Tau",25-29,01:22:55,4975,82.92,Bilbao,2026,Doubles Men,00:05:48,00:04:24,00:05:24,00:02:20,00:05:56,00:04:24,00:05:45,00:03:26,00:06:00,00:05:07,00:05:33,00:01:58,00:05:15,00:03:59,00:05:26,00:04:33,00:07:44,00:45:04,00:05:15
792,95,Alessio Pinto Budenz,Vito Pinto,"Alessio Pinto Budenz, Vito Pinto",40-44,01:23:14,4994,83.23,Bilbao,2026,Doubles Men,00:05:38,00:04:16,00:05:40,00:02:25,00:06:16,00:03:54,00:06:09,00:03:14,00:06:24,00:04:49,00:06:00,00:01:40,00:06:04,00:03:58,00:06:22,00:04:02,00:06:32,00:48:28,00:05:40
793,159,Eduardo Cifre,Xy Thomson,"Eduardo Cifre, Xy Thomson",35-39,01:23:16,4996,83.27,Bilbao,2026,Doubles Men,00:05:31,00:04:08,00:05:22,00:01:55,00:05:41,00:03:43,00:05:49,00:03:15,00:05:59,00:04:30,00:05:58,00:01:51,00:05:42,00:04:26,00:05:44,00:05:35,00:08:15,00:45:43,00:05:22
794,18,Carl Hassan,Iain Woodhams,"Carl Hassan, Iain Woodhams",50-54,01:23:19,4999,83.32,Bilbao,2026,Doubles Men,00:05:36,00:04:15,00:05:02,00:02:44,00:05:18,00:04:17,00:05:31,00:04:49,00:05:43,00:04:42,00:05:34,00:01:36,00:05:36,00:04:53,00:06:00,00:06:01,00:05:48,00:44:17,00:05:02
795,160,David Gonzalez,Asier Tarrio,"David Gonzalez, Asier Tarrio",35-39,01:23:21,5001,83.35,Bilbao,2026,Doubles Men,00:05:50,00:04:18,00:05:24,00:02:28,00:05:31,00:04:12,00:05:31,00:04:03,00:05:39,00:04:33,00:05:53,00:01:35,00:05:40,00:04:51,00:06:10,00:04:22,00:07:28,00:45:35,00:05:24
796,183,Tanguy Kulczak,Kévin Hurbain,"Tanguy Kulczak, Kévin Hurbain",25-29,01:23:25,5005,83.42,Bilbao,2026,Doubles Men,00:06:01,00:04:12,00:05:41,00:01:58,00:06:12,00:04:20,00:06:08,00:03:36,00:06:17,00:04:31,00:06:06,00:01:36,00:05:55,00:03:35,00:06:06,00:04:17,00:07:03,00:48:22,00:05:41
797,96,Quentin Debats,Jean-Paul Debats,"Quentin Debats, Jean-Paul Debats",40-44,01:23:32,5012,83.53,Bilbao,2026,Doubles Men,00:06:11,00:04:15,00:05:45,00:01:55,00:06:23,00:04:20,00:06:17,00:02:52,00:06:20,00:04:33,00:06:13,00:01:20,00:06:19,00:03:24,00:06:03,00:04:03,00:07:26,00:49:29,00:05:45
798,70,León Fischer-Jung,Ferdinand Rüsse,"León Fischer-Jung, Ferdinand Rüsse",16-24,01:23:34,5014,83.57,Bilbao,2026,Doubles Men,00:06:08,00:03:53,00:05:47,00:02:04,00:06:35,00:03:13,00:06:19,00:02:59,00:06:48,00:04:21,00:06:57,00:01:09,00:06:26,00:03:17,00:06:51,00:04:06,00:06:50,00:51:48,00:05:47
799,184,Joshua Banquerigo,Roland Abiertas,"Joshua Banquerigo, Roland Abiertas",25-29,01:23:34,5014,83.57,Bilbao,2026,Doubles Men,00:05:20,00:04:11,00:05:17,00:02:07,00:05:32,00:05:06,00:05:27,00:03:39,00:05:53,00:04:54,00:05:24,00:01:54,00:05:24,00:05:32,00:06:02,00:04:53,00:07:07,00:44:15,00:05:17
800,185,Conor Bradley,Luke Bassett,"Conor Bradley, Luke Bassett",25-29,01:23:34,5014,83.57,Bilbao,2026,Doubles Men,00:05:21,00:04:10,00:05:07,00:02:03,00:05:42,00:03:11,00:05:55,00:04:23,00:06:14,00:04:43,00:05:56,00:01:53,00:05:59,00:04:26,00:05:59,00:06:30,00:06:09,00:46:10,00:05:07
801,97,Kévin Legrand,David Alonso,"Kévin Legrand, David Alonso",40-44,01:23:48,5028,83.8,Bilbao,2026,Doubles Men,00:05:40,00:04:06,00:05:14,00:02:03,00:06:09,00:05:36,00:05:53,00:03:51,00:06:34,00:04:20,00:06:09,00:01:45,00:05:59,00:03:44,00:06:09,00:03:50,00:06:53,00:47:45,00:05:14
802,235,Jaime Martinez-Ayo,Diego Tolosa,"Jaime Martinez-Ayo, Diego Tolosa",30-34,01:24:12,5052,84.2,Bilbao,2026,Doubles Men,00:05:46,00:04:51,00:05:18,00:02:47,00:05:56,00:04:15,00:05:47,00:02:50,00:06:02,00:05:04,00:05:53,00:01:41,00:05:50,00:04:39,00:06:16,00:05:01,00:06:23,00:46:45,00:05:18
803,98,Diego Hernando,Oskar Viejo,"Diego Hernando, Oskar Viejo",40-44,01:24:22,5062,84.37,Bilbao,2026,Doubles Men,00:05:51,00:03:58,00:05:27,00:02:09,00:05:43,00:03:52,00:05:45,00:03:55,00:06:03,00:04:30,00:06:01,00:01:37,00:06:01,00:04:21,00:06:37,00:04:39,00:08:00,00:47:25,00:05:27
804,71,Ricardo Mendoza,Ramon Inchaurrandieta,"Ricardo Mendoza, Ramon Inchaurrandieta",16-24,01:24:24,5064,84.4,Bilbao,2026,Doubles Men,00:05:24,00:04:41,00:04:56,00:02:35,00:05:12,00:05:59,00:05:08,00:04:21,00:06:36,00:05:01,00:05:04,00:01:41,00:05:34,00:04:44,00:05:08,00:05:45,00:06:44,00:42:58,00:04:56
805,186,Alejandro Mateo Chico,Marcos Esteban Palacin,"Alejandro Mateo Chico, Marcos Esteban Palacin",25-29,01:24:25,5065,84.42,Bilbao,2026,Doubles Men,00:06:25,00:04:29,00:05:30,00:02:08,00:05:32,00:03:40,00:05:29,00:03:58,00:05:42,00:04:40,00:05:33,00:01:38,00:05:30,00:03:51,00:05:48,00:05:36,00:09:03,00:45:26,00:05:29
806,236,Carlos Zamora,Xabier Abad,"Carlos Zamora, Xabier Abad",30-34,01:24:36,5076,84.6,Bilbao,2026,Doubles Men,00:05:17,00:04:10,00:05:11,00:02:37,00:05:37,00:04:37,00:05:46,00:03:40,00:05:53,00:04:54,00:05:52,00:02:02,00:06:08,00:04:18,00:06:13,00:05:15,00:07:14,00:45:53,00:05:11
807,161,Amado Trinidad Nesta,Juan Camilo Arroyo Jaramillo,"Amado Trinidad Nesta, Juan Camilo Arroyo Jaramillo",35-39,01:24:40,5080,84.67,Bilbao,2026,Doubles Men,00:05:10,00:04:31,00:05:25,00:02:02,00:06:15,00:04:30,00:06:04,00:02:49,00:06:40,00:05:06,00:05:52,00:01:46,00:06:05,00:03:47,00:06:07,00:04:26,00:08:14,00:47:35,00:05:25
808,162,Dunan Vera,Andréas Janin,"Dunan Vera, Andréas Janin",35-39,01:25:01,5101,85.02,Bilbao,2026,Doubles Men,00:05:12,00:04:00,00:04:58,00:01:37,00:05:36,00:03:04,00:06:12,00:04:28,00:06:40,00:04:33,00:06:34,00:01:26,00:07:16,00:04:34,00:07:34,00:04:50,00:06:33,00:49:59,00:04:58
809,163,Maxime Loze,Didier Loze,"Maxime Loze, Didier Loze",35-39,01:25:11,5111,85.18,Bilbao,2026,Doubles Men,00:05:45,00:04:09,00:05:46,00:02:01,00:06:14,00:03:39,00:06:00,00:03:28,00:06:35,00:04:36,00:05:54,00:01:29,00:06:03,00:04:50,00:06:30,00:04:50,00:07:29,00:48:45,00:05:46
810,33,Antonio Martins Neto,João Meirinho Moura,"Antonio Martins Neto, João Meirinho Moura",45-49,01:25:17,5117,85.28,Bilbao,2026,Doubles Men,00:05:42,00:04:13,00:05:53,00:02:24,00:05:53,00:04:03,00:05:44,00:04:49,00:05:48,00:04:58,00:05:51,00:01:40,00:05:46,00:05:07,00:05:57,00:05:32,00:06:05,00:46:31,00:05:44
811,187,Samuel Sánchez Basanta,Pablo Cachafeiro,"Samuel Sánchez Basanta, Pablo Cachafeiro",25-29,01:25:33,5133,85.55,Bilbao,2026,Doubles Men,00:06:03,00:04:28,00:05:22,00:02:03,00:05:39,00:03:29,00:05:54,00:03:53,00:06:07,00:04:47,00:05:52,00:01:44,00:05:55,00:04:54,00:06:15,00:05:07,00:08:11,00:47:02,00:05:22
812,237,Jorge Ruiz,Javier Arnaez,"Jorge Ruiz, Javier Arnaez",30-34,01:26:07,5167,86.12,Bilbao,2026,Doubles Men,00:06:12,00:03:58,00:06:35,00:01:48,00:06:09,00:03:02,00:06:20,00:03:03,00:06:38,00:04:21,00:06:20,00:01:36,00:06:40,00:03:56,00:07:06,00:04:30,00:08:03,00:51:56,00:06:09
813,3,Carlos Lobato Miguelez,Josu Pagoaga Gomez,"Carlos Lobato Miguelez, Josu Pagoaga Gomez",55-59,01:26:08,5168,86.13,Bilbao,2026,Doubles Men,00:05:13,00:04:26,00:05:16,00:02:32,00:05:38,00:05:07,00:05:45,00:03:28,00:05:47,00:05:05,00:05:40,00:01:59,00:05:38,00:05:14,00:06:07,00:05:35,00:07:45,00:45:00,00:05:16
814,164,Yamil Sfeir,Carlos Molina Sastre,"Yamil Sfeir, Carlos Molina Sastre",35-39,01:26:20,5180,86.33,Bilbao,2026,Doubles Men,00:05:15,00:04:19,00:05:11,00:02:29,00:05:47,00:05:03,00:05:49,00:04:19,00:06:13,00:05:31,00:05:44,00:01:47,00:05:28,00:05:07,00:05:43,00:04:50,00:07:53,00:45:06,00:05:11
815,188,Enrique Cebria Alcover,Juan Pablo Guerrero Ruiz,"Enrique Cebria Alcover, Juan Pablo Guerrero Ruiz",25-29,01:26:21,5181,86.35,Bilbao,2026,Doubles Men,00:05:37,00:03:50,00:05:36,00:01:51,00:05:57,00:04:29,00:06:00,00:04:08,00:06:29,00:04:51,00:05:47,00:01:30,00:05:37,00:04:08,00:06:21,00:05:01,00:09:18,00:47:20,00:05:36
816,238,Asier Ponce,Ander Medina,"Asier Ponce, Ander Medina",30-34,01:26:37,5197,86.62,Bilbao,2026,Doubles Men,00:05:42,00:04:35,00:05:23,00:01:57,00:05:30,00:04:17,00:05:35,00:03:24,00:05:45,00:04:53,00:07:36,00:01:58,00:05:50,00:04:31,00:06:16,00:05:06,00:08:27,00:47:33,00:05:23
817,72,Ellis Porter,Corben Westley,"Ellis Porter, Corben Westley",16-24,01:26:50,5210,86.83,Bilbao,2026,Doubles Men,00:06:04,00:04:16,00:05:41,00:03:38,00:06:29,00:05:15,00:06:20,00:02:58,00:06:09,00:04:45,00:05:55,00:01:31,00:06:00,00:03:42,00:06:18,00:04:22,00:07:37,00:48:51,00:05:41
818,19,Adam Thurley,Chris Water,"Adam Thurley, Chris Water",50-54,01:27:11,5231,87.18,Bilbao,2026,Doubles Men,00:05:59,00:04:28,00:05:41,00:02:09,00:06:10,00:03:44,00:05:58,00:04:56,00:06:04,00:05:02,00:05:52,00:01:42,00:05:42,00:04:42,00:06:09,00:05:38,00:07:23,00:47:32,00:05:41
819,189,Anthony Storkey,Ollie Pettit,"Anthony Storkey, Ollie Pettit",25-29,01:27:22,5242,87.37,Bilbao,2026,Doubles Men,00:05:04,00:04:09,00:05:49,00:01:36,00:06:19,00:03:45,00:06:15,00:03:13,00:06:21,00:04:54,00:06:32,00:01:40,00:06:09,00:04:06,00:06:11,00:05:04,00:10:22,00:48:38,00:05:49
820,190,Mikel Celaya,Osvaldo Trápaga,"Mikel Celaya, Osvaldo Trápaga",25-29,01:27:26,5246,87.43,Bilbao,2026,Doubles Men,00:07:57,00:03:59,00:07:57,00:02:30,00:06:34,00:04:19,00:05:36,00:03:10,00:06:00,00:04:43,00:05:41,00:01:50,00:05:53,00:03:51,00:06:15,00:04:16,00:07:05,00:51:49,00:05:36
821,165,Carlos Sopelana Peralta,Jhostin Efren Londoño Vanegas,"Carlos Sopelana Peralta, Jhostin Efren Londoño Vanegas",35-39,01:27:37,5257,87.62,Bilbao,2026,Doubles Men,00:05:38,00:04:21,00:05:57,00:02:54,00:06:10,00:04:54,00:05:57,00:04:05,00:06:10,00:04:56,00:05:48,00:01:54,00:05:49,00:04:48,00:06:10,00:05:33,00:06:41,00:47:35,00:05:48
822,99,Joan Garcia Vila,Salvador Llorca Todoli,"Joan Garcia Vila, Salvador Llorca Todoli",40-44,01:28:05,5285,88.08,Bilbao,2026,Doubles Men,00:05:44,00:04:23,00:05:39,00:02:11,00:05:58,00:03:22,00:09:00,00:04:32,00:06:15,00:04:59,00:06:14,00:01:33,00:06:09,00:05:06,00:05:58,00:05:02,00:06:10,00:50:53,00:05:39
823,166,Julián Carlos Rossi,Gaizka Agirregoikoa Lopez,"Julián Carlos Rossi, Gaizka Agirregoikoa Lopez",35-39,01:28:15,5295,88.25,Bilbao,2026,Doubles Men,00:06:17,00:04:35,00:05:54,00:02:37,00:06:06,00:03:43,00:06:12,00:04:00,00:06:08,00:04:47,00:06:12,00:01:44,00:06:16,00:03:48,00:06:54,00:04:35,00:08:35,00:49:55,00:05:54
824,167,Erik Arocena Arnaez,Aitor Zabala Arandia,"Erik Arocena Arnaez, Aitor Zabala Arandia",35-39,01:28:36,5316,88.6,Bilbao,2026,Doubles Men,00:06:17,00:03:53,00:06:08,00:01:52,00:06:40,00:04:02,00:07:03,00:03:06,00:06:40,00:04:20,00:07:02,00:01:43,00:07:10,00:03:46,00:07:29,00:04:36,00:06:57,00:54:25,00:06:08
825,34,Paul Cross,Gary Cross,"Paul Cross, Gary Cross",45-49,01:29:02,5342,89.03,Bilbao,2026,Doubles Men,00:05:55,00:04:13,00:05:32,00:02:53,00:05:51,00:03:37,00:05:45,00:06:04,00:05:47,00:05:00,00:05:48,00:01:48,00:05:51,00:05:28,00:05:43,00:07:05,00:06:50,00:46:09,00:05:32
826,191,Mathieu Loiseau,Aubin Becker,"Mathieu Loiseau, Aubin Becker",25-29,01:29:28,5368,89.47,Bilbao,2026,Doubles Men,00:06:33,00:04:40,00:05:50,00:02:04,00:06:02,00:04:16,00:06:11,00:04:14,00:07:01,00:05:26,00:05:56,00:01:38,00:05:48,00:03:55,00:06:14,00:06:12,00:07:39,00:49:31,00:05:48
827,239,Anthony De Sousa Queiros Ferreira,Jeremy Moreira,"Anthony De Sousa Queiros Ferreira, Jeremy Moreira",30-34,01:29:59,5399,89.98,Bilbao,2026,Doubles Men,00:05:45,00:03:52,00:05:35,00:07:04,00:06:16,00:03:42,00:06:20,00:03:56,00:06:23,00:04:37,00:06:04,00:01:35,00:06:12,00:04:15,00:06:15,00:05:01,00:07:16,00:48:47,00:05:35
828,73,Tristan Perez,Baptiste Malaval,"Tristan Perez, Baptiste Malaval",16-24,01:30:13,5413,90.22,Bilbao,2026,Doubles Men,00:05:16,00:04:28,00:05:18,00:02:27,00:06:36,00:04:43,00:06:43,00:02:40,00:06:35,00:05:31,00:06:13,00:01:13,00:05:48,00:04:14,00:05:37,00:06:57,00:10:03,00:48:03,00:05:18
829,192,Cayetano Nuñez Tore,Alex García González,"Cayetano Nuñez Tore, Alex García González",25-29,01:30:17,5417,90.28,Bilbao,2026,Doubles Men,00:06:25,00:04:49,00:05:22,00:03:00,00:06:03,00:05:38,00:05:54,00:03:13,00:06:05,00:04:41,00:05:51,00:01:51,00:05:47,00:04:42,00:05:47,00:06:26,00:08:53,00:47:10,00:05:22
830,240,Juan De Dios Ruiz Garcia,Lucas Hidalgo Ramirez,"Juan De Dios Ruiz Garcia, Lucas Hidalgo Ramirez",30-34,01:31:17,5477,91.28,Bilbao,2026,Doubles Men,00:05:23,00:04:22,00:05:23,00:02:16,00:06:06,00:03:57,00:06:26,00:04:30,00:07:18,00:05:03,00:06:32,00:01:52,00:06:09,00:04:42,00:06:59,00:05:10,00:09:16,00:50:13,00:05:23
831,168,Anthony Mourgues,Sebastien Ladrat,"Anthony Mourgues, Sebastien Ladrat",35-39,01:31:30,5490,91.5,Bilbao,2026,Doubles Men,00:06:19,00:04:02,00:06:10,00:07:56,00:06:21,00:03:20,00:06:19,00:03:35,00:06:34,00:03:58,00:06:32,00:01:29,00:06:42,00:04:25,00:06:25,00:04:11,00:07:18,00:51:21,00:06:10
832,35,Nicklas Johansson,Jonas Öhlén,"Nicklas Johansson, Jonas Öhlén",45-49,01:31:55,5515,91.92,Bilbao,2026,Doubles Men,00:06:13,00:04:17,00:06:36,00:02:30,00:06:33,00:03:59,00:06:28,00:04:11,00:07:10,00:04:41,00:06:52,00:02:06,00:06:43,00:05:38,00:06:17,00:04:49,00:07:01,00:52:49,00:06:17
833,169,Javier Campos Hernández,Juan Francisco Suárez Moreno,"Javier Campos Hernández, Juan Francisco Suárez Moreno",35-39,01:32:02,5522,92.03,Bilbao,2026,Doubles Men,00:05:50,00:04:24,00:05:28,00:02:03,00:05:57,00:04:53,00:05:56,00:05:44,00:06:10,00:05:26,00:05:58,00:02:17,00:05:42,00:05:12,00:06:48,00:06:05,00:08:18,00:47:45,00:05:28
834,193,Stefan Vidal,Manuel Cubero,"Stefan Vidal, Manuel Cubero",25-29,01:33:35,5615,93.58,Bilbao,2026,Doubles Men,00:06:07,00:04:18,00:05:33,00:02:22,00:06:48,00:04:43,00:06:31,00:04:31,00:07:11,00:05:10,00:07:11,00:01:44,00:06:56,00:04:55,00:06:54,00:04:17,00:08:31,00:53:08,00:05:33
835,170,Jorge López Tello,Bruno Kauer Morais,"Jorge López Tello, Bruno Kauer Morais",35-39,01:33:37,5617,93.62,Bilbao,2026,Doubles Men,00:06:11,00:04:30,00:05:55,00:01:59,00:06:17,00:04:00,00:06:26,00:04:30,00:06:31,00:04:54,00:06:06,00:01:51,00:06:30,00:05:06,00:06:15,00:05:33,00:11:11,00:50:08,00:05:55
836,36,Gorka Pedrosa,Raúl Fernandez,"Gorka Pedrosa, Raúl Fernandez",45-49,01:33:52,5632,93.87,Bilbao,2026,Doubles Men,00:06:51,00:03:47,00:06:43,00:02:01,00:07:24,00:03:15,00:07:26,00:02:48,00:08:10,00:04:18,00:07:50,00:01:32,00:08:13,00:03:12,00:08:43,00:04:00,00:07:47,01:01:17,00:06:43
837,4,Juan Arana,Alfonso Gea,"Juan Arana, Alfonso Gea",60-64,01:34:17,5657,94.28,Bilbao,2026,Doubles Men,00:06:04,00:04:55,00:05:43,00:02:51,00:06:02,00:05:47,00:06:09,00:05:30,00:06:14,00:05:35,00:06:02,00:02:05,00:05:54,00:05:51,00:06:17,00:06:09,00:07:17,00:48:21,00:05:43
838,20,Graham Anderson,Pawel Tuznik,"Graham Anderson, Pawel Tuznik",50-54,01:34:43,5683,94.72,Bilbao,2026,Doubles Men,00:05:47,00:05:03,00:05:18,00:03:12,00:05:45,00:06:12,00:05:59,00:05:33,00:06:23,00:05:46,00:06:00,00:01:39,00:06:03,00:04:54,00:06:30,00:06:28,00:08:20,00:47:41,00:05:18
839,100,Miguel Malik Vega,Frederic Goncalves,"Miguel Malik Vega, Frederic Goncalves",40-44,01:35:37,5737,95.62,Bilbao,2026,Doubles Men,00:05:21,00:04:48,00:05:13,00:02:12,00:05:45,00:04:27,00:06:14,00:05:49,00:07:05,00:04:57,00:06:50,00:01:52,00:06:37,00:06:17,00:07:00,00:05:42,00:09:36,00:50:02,00:05:13
840,241,Iñaki Vázquez,Jesús Quintáns,"Iñaki Vázquez, Jesús Quintáns",30-34,01:35:41,5741,95.68,Bilbao,2026,Doubles Men,00:05:51,00:04:04,00:05:38,00:01:34,00:06:14,00:03:02,00:06:28,00:02:59,00:07:26,00:04:56,00:06:38,00:01:41,00:06:44,00:04:04,00:11:53,00:05:05,00:11:34,00:56:47,00:05:38
841,101,Orhan Mehmed Molla,Domenec Garcia Vila,"Orhan Mehmed Molla, Domenec Garcia Vila",40-44,01:36:12,5772,96.2,Bilbao,2026,Doubles Men,00:07:39,00:03:54,00:07:56,00:01:48,00:08:43,00:02:48,00:08:37,00:02:29,00:08:44,00:04:07,00:08:23,00:01:21,00:08:35,00:02:43,00:08:38,00:03:50,00:06:04,01:07:13,00:07:56
842,171,David Díaz Jiménez,Daniel Díaz Jiménez,"David Díaz Jiménez, Daniel Díaz Jiménez",35-39,01:36:30,5790,96.5,Bilbao,2026,Doubles Men,00:06:21,00:04:12,00:05:56,00:01:40,00:06:37,00:03:41,00:06:39,00:04:42,00:06:55,00:05:11,00:06:51,00:01:54,00:06:54,00:05:42,00:08:53,00:06:32,00:07:57,00:55:03,00:05:56
843,74,Dylan Vlieger,Souren Alipour Mohamadi,"Dylan Vlieger, Souren Alipour Mohamadi",16-24,01:37:01,5821,97.02,Bilbao,2026,Doubles Men,00:07:35,00:04:26,00:05:07,00:02:01,00:06:46,00:05:29,00:06:18,00:03:34,00:06:55,00:04:46,00:06:29,00:02:00,00:07:13,00:04:02,00:07:36,00:06:26,00:10:26,00:53:56,00:05:07
844,172,Lennard Treckmann,Matthias Sprenger,"Lennard Treckmann, Matthias Sprenger",35-39,01:38:05,5885,98.08,Bilbao,2026,Doubles Men,00:05:55,00:04:36,00:05:31,00:02:10,00:06:14,00:04:46,00:06:13,00:06:14,00:07:20,00:05:08,00:06:21,00:01:46,00:06:33,00:05:06,00:07:18,00:06:15,00:10:48,00:51:22,00:05:31
845,194,Hasan Doymus,Diyar Kose,"Hasan Doymus, Diyar Kose",25-29,01:38:30,5910,98.5,Bilbao,2026,Doubles Men,00:07:17,00:04:35,00:06:30,00:02:06,00:06:47,00:04:36,00:06:40,00:04:45,00:06:59,00:05:16,00:06:38,00:01:49,00:06:24,00:06:25,00:06:08,00:09:05,00:06:42,00:53:18,00:06:08
846,242,Juan Ramon Castro Garrido,Ángel Rodrigo Díaz Chinchilla,"Juan Ramon Castro Garrido, Ángel Rodrigo Díaz Chinchilla",30-34,01:38:42,5922,98.7,Bilbao,2026,Doubles Men,00:06:14,00:04:28,00:06:05,00:02:32,00:06:03,00:04:36,00:06:41,00:03:40,00:07:09,00:05:40,00:06:43,00:02:29,00:06:44,00:04:46,00:06:47,00:07:29,00:10:44,00:52:23,00:06:03
847,243,Elliott Pentland-Middleton,Dominic Pentland-Middleton,"Elliott Pentland-Middleton, Dominic Pentland-Middleton",30-34,01:38:57,5937,98.95,Bilbao,2026,Doubles Men,00:05:03,00:03:53,00:04:34,00:02:11,00:05:09,00:04:13,00:07:48,00:04:27,00:07:54,00:04:27,00:14:33,00:01:47,00:07:30,00:04:07,00:08:10,00:04:48,00:08:32,01:00:37,00:04:34
848,244,Ibai Gomez Andreu,Aitor Goyenaga Fernandez,"Ibai Gomez Andreu, Aitor Goyenaga Fernandez",30-34,01:39:57,5997,99.95,Bilbao,2026,Doubles Men,00:06:21,00:04:14,00:06:28,00:02:06,00:08:34,00:04:56,00:08:43,00:03:08,00:08:16,00:05:09,00:08:36,00:01:55,00:06:12,00:04:01,00:07:16,00:04:00,00:10:10,01:00:23,00:06:12
849,75,Miguel Ruigomez Bustamante,Javier Arturo Trueba Larrea,"Miguel Ruigomez Bustamante, Javier Arturo Trueba Larrea",16-24,01:40:32,6032,100.53,Bilbao,2026,Doubles Men,00:07:41,00:05:10,00:07:12,00:01:40,00:08:02,00:04:22,00:07:19,00:03:20,00:07:04,00:05:02,00:07:00,00:01:54,00:07:20,00:04:36,00:06:40,00:07:29,00:08:51,00:58:13,00:06:40
850,245,Lex Rodríguez,César Bonome,"Lex Rodríguez, César Bonome",30-34,01:40:41,6041,100.68,Bilbao,2026,Doubles Men,00:07:38,00:03:41,00:07:44,00:01:59,00:08:01,00:03:03,00:08:01,00:02:47,00:08:09,00:04:07,00:15:00,00:01:23,00:08:02,00:03:20,00:08:20,00:03:57,00:05:38,01:10:51,00:07:44
851,37,Javier Irizar Acillona,Emilio Lamo De Espinosa Vázquez De So,"Javier Irizar Acillona, Emilio Lamo De Espinosa Vázquez De So",45-49,01:41:56,6116,101.93,Bilbao,2026,Doubles Men,00:06:37,00:04:29,00:06:01,00:02:24,00:06:33,00:05:45,00:06:30,00:05:29,00:06:51,00:05:49,00:06:18,00:01:47,00:06:38,00:06:52,00:07:06,00:05:50,00:11:06,00:52:30,00:06:01
852,21,Juan José Navarro Plazas,Germán Pena Victoria,"Juan José Navarro Plazas, Germán Pena Victoria",50-54,01:43:33,6213,103.55,Bilbao,2026,Doubles Men,00:06:15,00:04:24,00:06:33,00:02:13,00:07:06,00:04:23,00:07:23,00:04:09,00:08:11,00:05:21,00:07:09,00:01:45,00:07:12,00:06:17,00:07:42,00:06:47,00:10:52,00:57:27,00:06:33
853,102,Alberto Pérez Aguirre,Ramon Valdes-Solís Fernández De Reta,"Alberto Pérez Aguirre, Ramon Valdes-Solís Fernández De Reta",40-44,01:44:33,6273,104.55,Bilbao,2026,Doubles Men,00:05:39,00:04:14,00:05:58,00:03:16,00:06:47,00:05:22,00:06:11,00:04:28,00:08:57,00:05:19,00:06:21,00:02:04,00:06:15,00:05:13,00:07:21,00:07:51,00:13:25,00:53:25,00:05:58
854,22,Jon Ander Malaina,Julian Malaina,"Jon Ander Malaina, Julian Malaina",50-54,01:49:05,6545,109.08,Bilbao,2026,Doubles Men,00:09:17,00:04:56,00:07:46,00:04:49,00:07:30,00:05:23,00:07:56,00:04:36,00:06:58,00:05:05,00:07:00,00:01:48,00:08:58,00:05:12,00:07:42,00:05:38,00:08:39,01:03:03,00:06:58
855,5,Pablo Goicolea Ruigomez,Alfonso Ruigomez Gomez,"Pablo Goicolea Ruigomez, Alfonso Ruigomez Gomez",60-64,01:52:14,6734,112.23,Bilbao,2026,Doubles Men,00:08:44,00:04:55,00:08:28,00:02:26,00:10:04,00:06:06,00:08:53,00:05:09,00:06:39,00:05:37,00:06:09,00:01:46,00:06:28,00:06:15,00:07:07,00:06:27,00:11:09,01:02:28,00:06:09
